Molecule_ChEMBL_ID,class,Smiles,LogP,NumHDonors,NumHAcceptors,Rotatable bonds,TPSA,pIC50
CHEMBL116206,inactive,Cc1cc(Nc2ccc(C(F)(F)F)cc2)[nH]n1,3.480520000000001,2.0,2.0,2.0,40.71,4.782516055786093
CHEMBL118125,inactive,Cc1n[nH]c(Nc2c(F)cc(F)cc2F)c1C#N,2.7507,2.0,3.0,2.0,64.5,4.649751981665837
CHEMBL486489,inactive,Cc1nc2ncnn2c(Nc2ccc3ccccc3c2)c1C,3.637940000000002,1.0,5.0,2.0,55.11,3.6989700043360187
CHEMBL2047246,inactive,Nc1nc2c(c(Nc3cccc(F)c3)n1)-c1ccccc1C2,3.5127000000000015,2.0,4.0,2.0,63.83,3.6989700043360187
CHEMBL1956285,inactive,Cc1cc(Nc2ccc(S(F)(F)(F)(F)F)cc2)n2nc(C(C)(F)F)nc2n1,5.945420000000002,1.0,5.0,4.0,55.11,4.0
CHEMBL1956269,inactive,Cc1cc(Nc2ccc(S(F)(F)(F)(F)F)cc2)n2nc(C(C)C)nc2n1,5.957120000000002,1.0,5.0,4.0,55.11,4.0
CHEMBL3677728,active,O=C(O)c1cc(Br)cc2[nH]c(-c3ccc(-c4ccccc4)cc3)nc12,5.357600000000003,2.0,2.0,3.0,65.97999999999999,6.241088107602026
CHEMBL3677752,active,Cc1cc(C(=O)O)c2nc(-c3c(F)cc(-c4ccccc4)cc3F)[nH]c2c1,5.181720000000003,2.0,2.0,3.0,65.97999999999999,6.752026733638194
CHEMBL3677759,active,Cc1cc(C(=O)O)c2nc(-c3ccc(-c4cccnc4)cc3)[nH]c2c1,4.298520000000003,2.0,3.0,3.0,78.87,6.39040559077478
CHEMBL3677817,active,O=C(O)c1cccc2[nH]c(-c3c(F)c(F)c(-c4ccc(OCc5ccccc5)cc4)c(F)c3F)nc12,6.730500000000004,2.0,3.0,6.0,75.21,6.422508200162775
CHEMBL326960,inactive,Cc1n[nH]c(Nc2ccc(C(F)(F)F)cc2)c1-c1ccccc1,5.147520000000003,2.0,2.0,3.0,40.71,4.301029995663981
CHEMBL1929438,active,CC/C(O)=C(\C#N)C(=O)Nc1ccc(-c2ccc(Cl)cc2)c(C(=O)OC)c1,4.477780000000003,2.0,5.0,5.0,99.42,7.346787486224656
CHEMBL1929449,active,CC/C(O)=C(\C#N)C(=O)Nc1ccc(-c2ccc3c(c2)OCO3)c(C(=O)OC)c1,3.5530800000000022,2.0,7.0,5.0,117.88000000000001,7.119186407719209
CHEMBL387288,inactive,O=C(O)c1c(O)c(-c2ccc(Cl)cc2)nc2ccc(-c3ccsc3)cc12,5.687500000000003,2.0,4.0,3.0,70.42,3.8728952016351923
CHEMBL3949527,active,O=C(O)c1ccccc1/C=N/Nc1nc(-c2ccccc2)cs1,3.9543000000000017,2.0,5.0,5.0,74.58,6.856985199745905
CHEMBL2012951,inactive,Cc1nc2c(OC(F)F)cccc2n1-c1ccc(C(=O)NC2CC2)s1,3.889020000000002,1.0,5.0,5.0,56.150000000000006,4.522878745280337
CHEMBL372101,active,O=C(O)C1=C(C(=O)Nc2ccc(-c3ccccc3)cc2)CSC1,3.4201000000000024,2.0,3.0,4.0,66.39999999999999,6.175874166083451
CHEMBL195163,active,O=C(O)C1=C(C(=O)Nc2c(F)cc(-c3cccc(OC(F)(F)F)c3)cc2F)COC1,3.880300000000002,2.0,4.0,5.0,84.86,6.688246138944246
CHEMBL197553,active,O=C(O)C1=C(C(=O)Nc2cc(Br)c(OCc3ccccc3)c(Br)c2)CCC1,5.294200000000003,2.0,3.0,6.0,75.63,6.896196279044043
CHEMBL2172234,active,Cc1cc(Nc2ccc3ccccc3c2)n2nccc2n1,6.086700000000002,2.0,3.0,6.0,75.63,4.0
CHEMBL196181,active,O=C(O)C1=C(C(=O)Nc2cc(Br)c(OCc3c(F)cccc3Cl)c(Br)c2)CCC1,5.808100000000004,2.0,2.0,4.0,66.4,6.958607314841775
CHEMBL157164,active,CC(C)(C)c1ccc(-c2ccc(NC(=O)C3=C(C(=O)O)CCC3)cc2Cl)cc1,4.758800000000002,2.0,2.0,4.0,66.39999999999999,7.096910013008056
CHEMBL345446,inactive,O=C(O)C1=C(C(=O)Nc2ccc(-c3ccc(Br)cc3)cc2F)CCC1,4.306820000000002,1.0,5.0,3.0,55.11,6.133712660915805
CHEMBL1738786,inactive,Cc1cc(Nc2ccc(C(F)(F)F)cc2)n2nc(C(C)(F)F)nc2n1,2.4466,1.0,4.0,2.0,46.92,4.0
CHEMBL2012820,inactive,CNC(=O)c1ccc(-n2cnc3ccccc32)s1,3.695500000000002,2.0,4.0,6.0,58.2,4.522878745280337
CHEMBL2431484,inactive,CCCNC(=O)C1=C(Nc2ccc(C)c(C)c2)SCC1=O,1.7281399999999998,2.0,4.0,3.0,72.19,5.200728391650127
CHEMBL2431482,inactive,Cc1ccc(NC2=C(C(N)=O)C(=O)CS2)cc1C,2.41584,1.0,5.0,3.0,55.4,4.301029995663981
CHEMBL2431522,inactive,COC(=O)C1=C(Nc2ccc(C)c(C)c2)SCC1=O,2.8638000000000012,2.0,4.0,3.0,66.4,4.301029995663981
CHEMBL2431521,inactive,O=C(O)C1=C(Nc2ccc3ccccc3c2)SCC1=O,3.486600000000003,1.0,5.0,4.0,55.4,4.301029995663981
CHEMBL2431505,inactive,CCOC(=O)C1=C(Nc2ccc(C(C)(C)C)cc2)SCC1=O,3.3054000000000014,2.0,4.0,5.0,58.2,4.301029995663981
CHEMBL2431495,inactive,O=C1CSC(Nc2ccc3ccccc3c2)=C1C(=O)NCC1CC1,3.0578000000000003,2.0,4.0,4.0,58.2,4.301029995663981
CHEMBL2431494,inactive,O=C1CSC(Nc2ccc3ccccc3c2)=C1C(=O)NC1CC1,3.732400000000002,1.0,5.0,5.0,55.4,4.301029995663981
CHEMBL2431489,inactive,CCCOC(=O)C1=C(Nc2ccc3ccccc3c2)SCC1=O,3.1960400000000018,1.0,5.0,5.0,55.4,4.301029995663981
CHEMBL2431481,inactive,Cc1ccc(NC2=C(C(=O)OCC3CC3)C(=O)CS2)cc1C,3.8613000000000017,1.0,5.0,4.0,55.4,4.301029995663981
CHEMBL2431506,inactive,CCOC(=O)C1=C(Nc2ccc(Cl)c(C(F)(F)F)c2)SCC1=O,4.846500000000002,1.0,5.0,5.0,55.4,4.301029995663981
CHEMBL3809712,active,COc1ccc(C(F)(F)F)cc1NC(=O)c1cccc2nc(-c3cc(Br)nn3-c3ncccc3Cl)[nH]c12,5.526220000000003,2.0,4.0,5.0,71.45,5.314258261397736
CHEMBL3674642,inactive,COc1cccc(-c2ncc(Nc3ccc(C(F)(F)F)cc3C(=O)O)cc2C)c1,3.757520000000002,1.0,5.0,3.0,55.11,6.860120913598763
CHEMBL3410593,inactive,CCOC(=O)c1sc(Nc2ccc(C)c(Cl)c2)nc1C(C)(C)C,2.82972,1.0,5.0,2.0,55.11,6.258060922270801
CHEMBL3410571,inactive,CC(=O)c1sc(Nc2ccc(C(C)(C)C)cc2)nc1C,4.122500000000002,1.0,5.0,6.0,55.4,5.437826136635351
CHEMBL118921,inactive,CCOC(=O)c1c(C)n[nH]c1Nc1ccc(C(F)(F)F)cc1,2.9522000000000013,1.0,5.0,3.0,55.4,4.301029995663981
CHEMBL1956264,inactive,CCc1nc2nc(C)cc(Nc3ccc(C(F)(F)F)cc3)n2n1,4.367100000000002,1.0,3.0,4.0,16.96,4.0
CHEMBL1957380,inactive,N#Cc1c(-c2ccc(-c3cccnc3)cc2)nc2ccncc2c1O,2.4306199999999993,1.0,6.0,3.0,63.31,5.2441251443275085
CHEMBL499296,inactive,Cc1cc(Nc2cccc(Cl)c2)n2ncnc2n1,3.0840200000000006,1.0,6.0,3.0,63.31,4.0
CHEMBL2431488,active,COC(=O)C1=C(Nc2ccc3ccccc3c2)SCC1=O,3.737420000000001,1.0,6.0,3.0,63.31,4.301029995663981
CHEMBL3690104,inactive,CCCNC(=S)c1ccc(-n2ccc3ccccc32)s1,3.047460000000001,1.0,6.0,3.0,63.31,4.522878745280337
CHEMBL305284,active,CN(C)c1ccc(NC(=S)c2cnoc2C(C)(C)C)cc1,4.425780000000003,2.0,6.0,7.0,108.64999999999999,4.301029995663981
CHEMBL135703,active,Cc1cc(O)n2nc(SCc3ccccc3)nc2n1,2.5991800000000005,2.0,6.0,5.0,116.48999999999998,4.050609993355087
CHEMBL3593802,inactive,CC(=O)Nc1cccc(-c2ccc(-c3nc4c(C(=O)O)cc(C)cc4[nH]3)cc2)c1,4.288600000000002,1.0,2.0,3.0,49.66,5.860120913598763
CHEMBL2177858,inactive,Cc1cc(O)n2nc(SCc3cc(Cl)ccc3Cl)nc2n1,2.8726000000000003,1.0,2.0,3.0,41.99,7.292429823902063
CHEMBL2177859,active,Cc1cc(C)cc(CSc2nc3nc(C)cc(O)n3n2)c1,4.632000000000002,1.0,5.0,5.0,65.79,4.522878745280337
CHEMBL1929452,active,CC/C(O)=C(\C#N)C(=O)Nc1ccc(-c2cccc(OC(F)F)c2)c(C(=O)OC)c1,5.022100000000003,1.0,5.0,6.0,65.79,7.468521082957745
CHEMBL1929432,active,CC/C(O)=C(\C#N)C(=O)Nc1ccc(OS(=O)(=O)C(F)(F)F)cc1,3.176800000000001,2.0,3.0,3.0,62.22,6.823908740944319
CHEMBL3184332,active,Cc1ccc(C(=O)NCCC(=O)N[C@@H]2CCCc3ccccc32)cc1,4.477780000000003,2.0,5.0,5.0,99.42,5.721246399047171
CHEMBL3188811,active,O=C(CCNC(=O)c1ccc2c(c1)OC(F)(F)O2)N[C@@H]1CCCc2ccccc21,4.722980000000002,2.0,6.0,6.0,108.64999999999999,5.568636235841013
CHEMBL2177492,active,O=C(O)c1ccc(/C=N/c2cccc3ccccc23)cc1,3.8572000000000024,2.0,2.0,4.0,66.39999999999999,4.806318970458719
CHEMBL2177491,active,O=C(/C=C/c1ccc(F)cc1)Nc1ccccn1,4.954480000000002,2.0,3.0,3.0,73.11999999999999,4.885722703438414
CHEMBL973,inactive,C/C(O)=C(\C#N)C(=O)Nc1ccc(C(F)(F)F)cc1,3.3736000000000015,2.0,4.0,2.0,63.83,6.886056647693163
CHEMBL3980486,inactive,CN(/N=C/c1ccccc1C(=O)O)c1nc(-c2ccccc2Cl)cs1,4.761600000000002,3.0,3.0,5.0,100.86999999999999,8.096910013008056
CHEMBL3955099,active,COC(=O)c1cccc2cc(CCCCc3c(C(=O)O)[nH]c(=O)[nH]c3=O)ccc12.NCCO,0.6544000000000008,5.0,7.0,7.0,167.73,7.621602099051862
CHEMBL3593813,active,NC(=O)c1cccc2[nH]c(-c3ccc(-c4cncc(C(=O)N5CCCC5)c4)cc3)nc12,3.898900000000003,2.0,3.0,6.0,67.43,4.552841968657781
CHEMBL1929436,active,CC/C(O)=C(\C#N)C(=O)Nc1ccc(-c2ccccc2Cl)c(C(=O)OC)c1,5.594020000000004,2.0,4.0,4.0,71.45,7.2839966563652006
CHEMBL1929439,inactive,CC/C(O)=C(\C#N)C(=O)Nc1ccc(-c2cccc(OC(F)(F)F)c2)c(C(=O)OC)c1,6.536500000000005,1.0,5.0,6.0,51.22,7.568636235841013
CHEMBL70708,active,FC(F)(F)c1ccc(NC(=S)c2cnoc2C2CC2)cc1,4.333640000000003,1.0,5.0,4.0,51.22,5.494850021680094
CHEMBL305052,inactive,CN(C)c1ccc(NC(=S)c2cnoc2C2CCCCC2)cc1,3.845240000000002,1.0,4.0,3.0,41.99,4.301029995663981
CHEMBL348270,inactive,O=C(O)C1=C(C(=O)Nc2ccc(-c3ccccc3)cc2)CCC1,4.160220000000002,1.0,4.0,3.0,41.99,6.3872161432802645
CHEMBL484780,active,C/C(O)=C(\C#N)C(=O)Nc1ccc(-c2ccccc2Cl)c(Cl)c1,5.460640000000003,2.0,3.0,4.0,62.22,7.657577319177793
CHEMBL2047243,active,Nc1nc2c(c(Nc3ccccc3)n1)-c1ccccc1C2,5.067800000000004,2.0,3.0,5.0,62.22,3.6989700043360187
CHEMBL3593993,active,NC(=O)c1cc(F)cc2[nH]c(-c3ccc(-c4ccc(NC(=O)C5CC5)cc4F)cc3F)nc12,4.699440000000003,3.0,4.0,6.0,91.32000000000001,4.318758762624412
CHEMBL3925433,active,NCCO.O=C(O)c1[nH]c(=O)[nH]c(=O)c1CCc1ccccc1C(F)(F)F,4.741000000000002,2.0,4.0,5.0,75.11,5.301029995663981
CHEMBL3938116,inactive,CNC(=O)c1cccc(CCc2c(C(=O)O)[nH]c(=O)[nH]c2=O)c1.NCCO,4.861920000000003,3.0,3.0,4.0,95.08000000000001,5.684029654543083
CHEMBL3945267,active,COc1ccc2cc(CCc3c(C(=O)O)[nH]c(=O)[nH]c3=O)c(OC)cc2c1.NCCO,0.05080000000000168,5.0,7.0,8.0,175.57,7.320572103387881
CHEMBL3184132,active,O=C(CCNC(=O)c1ccc(OC(F)(F)F)cc1)N[C@@H]1CCCc2ccccc21,-2.409899999999998,6.0,6.0,5.0,175.29,6.251811972993799
CHEMBL3290836,inactive,COc1ccc2nc(C(=O)Nc3c(F)cc(-c4cccc(F)c4)cc3F)c(C)c(O)c2c1,3.05372,1.0,5.0,3.0,55.11,6.026872146400302
CHEMBL3410614,inactive,CCOC(=O)c1sc(Nc2ccc(-c3ccccc3)cc2F)nc1-c1ccccc1,3.4491000000000023,1.0,5.0,3.0,55.11,5.0
CHEMBL3410580,inactive,CCOC(=O)c1sc(Nc2ccc(C)c(Cl)c2)nc1C,3.9170000000000025,2.0,2.0,4.0,58.2,6.013676222949234
CHEMBL3410573,inactive,CC(=O)c1sc(Nc2ccc(C)c(F)c2)nc1C,3.5088000000000026,2.0,3.0,5.0,67.43,5.0
CHEMBL3410570,active,CC(=O)c1sc(Nc2ccc(Br)cc2)nc1C,4.143700000000001,1.0,4.0,4.0,47.620000000000005,5.0
CHEMBL3674649,inactive,Cc1ccc(Nc2cnc(-c3ccccc3Cl)c(C)c2)c(C(=O)O)c1,4.316900000000003,1.0,6.0,5.0,60.33,7.853871964321762
CHEMBL3674631,active,O=C(O)c1cc(C2CC2)ccc1Nc1cncc(-c2ccccc2)c1,3.7818000000000014,2.0,2.0,3.0,49.33,6.94692155651658
CHEMBL3674669,active,Cc1ccc(Nc2cnc(-c3cccc(C(=O)NC4CC4)c3)c(C)c2)c(C(=O)O)c1,5.206900000000004,2.0,3.0,5.0,62.22,7.920818753952375
CHEMBL3674673,inactive,O=C(O)c1cc(C2CC2)ccc1Nc1cnc(-c2cc(F)ccc2F)nc1,3.3492000000000006,3.0,4.0,4.0,113.76,7.42021640338319
CHEMBL3593807,inactive,CC(=O)Nc1cc(-c2nc3c(C(=O)O)cc(C)cc3[nH]2)ccc1-c1ccccc1,3.7071200000000015,1.0,5.0,3.0,55.11,4.327902142064283
CHEMBL3901641,active,COC(=O)c1cccc(CCCCc2c(C(=O)O)[nH]c(=O)[nH]c2=O)c1.NCCO,2.99948,2.0,3.0,2.0,73.11999999999999,6.8326826652518236
CHEMBL3891863,inactive,NCCCc1c(C(=O)O)[nH]c(=O)[nH]c1=O.NCCO,3.851880000000003,1.0,4.0,2.0,62.18,6.204119982655925
CHEMBL1784562,inactive,Cc1cc(Nc2ccc(C3CC3)cc2)n2ncnc2n1,2.915300000000001,2.0,4.0,4.0,58.2,4.0
CHEMBL1784711,inactive,CCc1cc(Nc2ccc(C(F)(F)F)cc2)n2ncnc2n1,3.163220000000001,3.0,4.0,3.0,79.09,4.0
CHEMBL3184312,inactive,O=C(CNC(=O)c1ccc(Cl)c(Cl)c1)N[C@@H]1CCCc2ccccc21,3.220700000000001,2.0,3.0,3.0,64.5,4.698970004336019
CHEMBL3971302,active,O=C(CNC(=O)c1ccc(OC(F)(F)F)cc1)N[C@@H]1CCCc2ccccc21,4.037780000000002,2.0,3.0,4.0,73.12,4.698970004336019
CHEMBL306784,inactive,CCc1oncc1/C(S)=N/c1ccc(OC(F)(F)F)cc1,4.371000000000001,2.0,3.0,2.0,64.5,6.154901959985743
CHEMBL119780,inactive,Cc1n[nH]c(N(C)c2ccc(C(F)(F)F)cc2)c1C#N,3.035120000000001,2.0,6.0,2.0,75.34,4.301029995663981
CHEMBL2431518,inactive,CCOC(=O)C1=C(Nc2ccc3c(c2)c2ccccc2n3CC)SCC1=O,1.2752199999999998,2.0,6.0,3.0,98.2,4.301029995663981
CHEMBL2043303,inactive,O=C(O)c1ccccc1Nc1ccc(Cl)cc1,4.072520000000003,1.0,5.0,3.0,55.11,6.376750709602099
CHEMBL3674675,inactive,O=C(O)c1cc(C2CC2)ccc1Nc1ccc(-c2ccccc2F)nc1,6.1312200000000034,1.0,5.0,3.0,55.11,8.096910013008056
CHEMBL1956277,active,Cc1cc(Nc2cccc(Cl)c2)n2nc(C3CC3)nc2n1,4.211500000000002,3.0,5.0,6.0,112.92999999999999,4.0
CHEMBL999,active,C/C(O)=C(/C#N)C(=O)Nc1ccc(C(F)(F)F)cc1,0.42380000000000034,5.0,7.0,6.0,175.57,6.361510743045363
CHEMBL67656,active,CC(C)(C)c1oncc1/C(S)=N/c1ccc(C#N)cc1,4.744200000000002,2.0,4.0,5.0,74.83,4.301029995663981
CHEMBL2431491,inactive,CCNC(=O)C1=C(Nc2ccc3ccccc3c2)SCC1=O,4.213920000000002,1.0,5.0,2.0,55.11,4.301029995663981
CHEMBL332480,active,Cc1n[nH]c(Nc2cc(C(F)(F)F)cc(C(F)(F)F)c2)c1C#N,5.649600000000002,2.0,4.0,6.0,75.63,4.301029995663981
CHEMBL475814,inactive,Cc1cc(Nc2ccc3cc4ccccc4cc3c2)n2ncnc2n1,4.136100000000002,2.0,4.0,2.0,63.83,3.6989700043360187
CHEMBL487518,active,Cc1cc(Nc2cc3ccccc3cc2O)n2ncnc2n1,4.513300000000003,2.0,4.0,5.0,75.63,3.6989700043360187
CHEMBL487517,active,Cc1cc(Nc2ccc(C(N)=O)cc2)n2ncnc2n1,4.211500000000003,3.0,5.0,6.0,112.92999999999999,3.6989700043360187
CHEMBL1956278,active,Cc1cc(Nc2ccc(C(F)(F)F)cc2)n2nc(C3CC3)nc2n1,4.004900000000002,2.0,3.0,5.0,75.63,4.0
CHEMBL1956273,inactive,Cc1cc(Nc2ccc(S(F)(F)(F)(F)F)cc2)n2nc(C(C)(C)C)nc2n1,3.3693000000000026,1.0,4.0,3.0,46.92,4.0
CHEMBL3694254,inactive,O=C(NC1CC1)c1ccc(N2CCSc3ccccc32)s1,1.9848999999999999,2.0,6.0,6.0,93.30999999999999,5.102372908709558
CHEMBL426299,inactive,COc1cccc(-c2ccc(NC(=O)c3cc(C(=O)O)sc3C(=O)O)c(F)c2)c1,2.7387200000000007,1.0,5.0,3.0,55.11,6.0
CHEMBL3971851,inactive,CC(=O)Nc1cccc2ccc(CCc3c(C(=O)O)[nH]c(=O)[nH]c3=O)cc12.NCCO,2.62598,3.0,4.0,2.0,90.52,5.402304814074488
CHEMBL3960727,active,COC(=O)c1ccc2cc(CCc3c(C(=O)O)[nH]c(=O)[nH]c3=O)ccc2c1.NCCO,4.274500000000002,2.0,2.0,4.0,66.39999999999999,7.110698297493689
CHEMBL1088743,inactive,O=C(O)c1ccccc1N/N=C/c1ccc(-c2ccccc2Cl)o1,3.3626000000000014,1.0,4.0,2.0,53.64,6.301029995663981
CHEMBL1956290,active,Cc1cc(Nc2ccc(C(F)(F)F)cc2)n2nc(C(F)(F)F)nc2n1,3.8572000000000024,2.0,2.0,4.0,66.39999999999999,4.0
CHEMBL3290847,inactive,COc1ccc2nc(C(=O)Nc3ccc(-c4ccccc4)cc3)c(C)c(C(=O)O)c2c1,3.9627000000000026,2.0,3.0,6.0,58.56,5.962573502059376
CHEMBL3290838,inactive,Cc1c(C(=O)Nc2c(F)cc(-c3cccc(F)c3)cc2F)nc2ccc(C(F)(F)F)cc2c1O,3.4738200000000017,1.0,5.0,2.0,55.11,5.215382707367125
CHEMBL199574,active,O=C(Nc1ccccc1C(=O)O)c1ccc2cc(Br)ccc2c1,4.954480000000002,2.0,3.0,3.0,73.11999999999999,5.075720713938118
CHEMBL194776,active,O=C(O)C1=C(C(=O)Nc2cc(Br)c(OCc3c(F)cccc3Cl)c(Br)c2)CSC1,0.6458000000000004,5.0,6.0,6.0,158.5,6.978810700930062
CHEMBL2047248,inactive,Nc1nc2c(c(Nc3cccc(Br)c3)n1)-c1ccccc1C2,5.163020000000003,1.0,1.0,2.0,29.1,3.6989700043360187
CHEMBL371732,inactive,COc1cccc(-c2ccc(NC(=O)c3ccsc3C(=O)O)c(F)c2)c1,1.9848999999999999,2.0,6.0,6.0,93.30999999999999,7.356547323513812
CHEMBL371482,inactive,COc1cccc(-c2ccc(NC(=O)c3c(C(=O)O)csc3C(=O)O)c(F)c2)c1,2.417020000000001,1.0,5.0,6.0,64.63,6.0
CHEMBL197194,inactive,COc1cccc(-c2ccc(NC(=O)C3=C(C(=O)O)CCC3)c(F)c2)c1,3.736080000000002,1.0,4.0,5.0,62.120000000000005,6.872895201635193
CHEMBL2012825,inactive,O=C(NC1CCC1)c1ccc(-n2cnc3ccccc32)s1,4.476500000000003,1.0,6.0,6.0,64.63,4.522878745280337
CHEMBL435137,inactive,CCOC(=O)C(=CNc1ccc2[nH]ncc2c1)C(=O)OCC,3.8485200000000015,1.0,5.0,2.0,55.11,3.909036923404268
CHEMBL1714424,inactive,CCc1ccc(Nc2cc(C)nc3ncnn23)cc1,1.9155999999999997,3.0,4.0,2.0,90.52000000000001,4.0
CHEMBL154513,inactive,O=C(O)C1=C(C(=O)Nc2c(F)cc(-c3ccccc3F)cc2F)CCC1,3.766600000000002,2.0,3.0,6.0,66.4,7.346787486224656
CHEMBL118499,inactive,Cc1nn(C)c(Nc2ccc(C(F)(F)F)cc2)c1C#N,2.7745200000000008,1.0,5.0,2.0,55.11,4.301029995663981
CHEMBL348270,active,O=C(O)C1=C(C(=O)Nc2ccc(-c3ccccc3)cc2)CCC1,5.409200000000002,2.0,3.0,5.0,75.63,6.3872161432802645
CHEMBL3218525,inactive,COc1ccc(O)c(C(=O)NCC(c2ccccc2)c2ccccc2)c1,4.341280000000003,2.0,3.0,2.0,64.5,3.6989700043360187
CHEMBL1784561,active,Cc1cc(Nc2ccc(C(C)(C)C)cc2)n2ncnc2n1,4.102580000000002,2.0,5.0,5.0,99.42,4.0
CHEMBL483552,active,C/C(O)=C(\C#N)C(=O)Nc1ccc(-c2ccccc2Cl)cc1Cl,4.7556800000000035,2.0,6.0,7.0,108.64999999999999,6.7447274948966935
CHEMBL3904389,inactive,COc1ccc2cccc(CCc3c(C(=O)O)[nH]c(=O)[nH]c3=O)c2c1.NCCO,3.334220000000001,1.0,5.0,2.0,55.11,7.166852888087215
CHEMBL217951,inactive,Cc1cc(Br)ccc1NC(=O)c1ccc2ccccc2c1,3.790300000000002,2.0,2.0,3.0,66.4,3.3815335078009197
CHEMBL219855,active,CCOC(=O)C(=CNc1ccc2[nH]cnc2c1)C(=O)OCC,3.567800000000001,2.0,4.0,5.0,75.63,3.3010299956639813
CHEMBL219856,active,CCOC(=O)C(=CNc1ccc(C)cc1)C(=O)OCC,2.9757000000000007,3.0,4.0,5.0,95.86,3.83654044823001
CHEMBL374338,active,CCOC(=O)/C(C#N)=C\Nc1ccc(-c2ccccc2)cc1,2.99948,2.0,3.0,2.0,73.11999999999999,3.3010299956639813
CHEMBL218467,inactive,CCOC(=O)C(=CNc1ccc2sc3ccccc3c2c1)C(=O)OCC,3.967600000000001,2.0,4.0,3.0,79.65,4.529148675473882
CHEMBL452392,active,Cc1cc(Nc2ccc(Cl)c(C(F)(F)F)c2)n2ncnc2n1,4.664000000000002,2.0,5.0,6.0,118.77000000000001,4.0
CHEMBL121898,active,Cc1n[nH]c(Nc2ccc(N)cc2)c1C#N,4.144000000000002,2.0,3.0,5.0,75.63,4.301029995663981
CHEMBL370865,active,O=C(Nc1ccccc1C(=O)O)c1ccc(-c2ccccc2)cc1,5.312200000000002,2.0,3.0,5.0,75.63,5.301029995663981
CHEMBL3218530,inactive,O=Cc1ccc(C(=O)NCC(c2ccccc2)c2ccccc2)c(O)c1,4.878800000000003,1.0,4.0,3.0,47.620000000000005,3.6989700043360187
CHEMBL1784591,active,Cc1cc(NC2Cc3ccc(Br)cc3C2)n2ncnc2n1,3.3895800000000014,2.0,3.0,3.0,73.12,4.301029995663981
CHEMBL118586,inactive,CC(C)(C)c1[nH]nc(Nc2ccc(C(F)(F)F)cc2)c1C#N,2.862800000000001,1.0,4.0,2.0,62.18,4.301029995663981
CHEMBL2012961,active,Cc1cc(F)c2ncn(-c3ccc(C(=O)NC4CC4)s3)c2c1,4.519200000000002,2.0,3.0,5.0,75.63,5.508638306165727
CHEMBL1929441,active,CC/C(O)=C(\C#N)C(=O)Nc1ccc(-c2ccc(F)cc2F)c(C(=O)OC)c1,4.238200000000002,1.0,4.0,4.0,47.29,7.508638306165727
CHEMBL1929453,active,CC/C(O)=C(\C#N)C(=O)Nc1ccc(-c2cccc(OC3CCC3)c2)c(C(=O)OC)c1,6.684200000000005,1.0,6.0,7.0,60.45,7.508638306165727
CHEMBL492720,inactive,Cc1cc(Nc2ccc(C(F)(F)F)c(F)c2)n2ncnc2n1,3.5835000000000017,1.0,5.0,3.0,55.11,4.0
CHEMBL200536,inactive,O=C(Nc1ccccc1C(=O)O)c1ccc2ccccc2c1,2.59114,1.0,7.0,2.0,85.32000000000001,4.860120913598763
CHEMBL194023,inactive,COc1cccc(-c2ccc(NC(=O)C3=C(C(=O)O)CSC3)c(F)c2)c1,2.72452,1.0,6.0,2.0,68.0,6.882728704344236
CHEMBL194395,active,COc1cccc(-c2ccc(NC(=O)C3=C(C(=O)O)C(O)CC3)c(F)c2)c1,3.8572000000000024,2.0,2.0,4.0,66.39999999999999,6.167491087293763
CHEMBL973,active,C/C(O)=C(\C#N)C(=O)Nc1ccc(C(F)(F)F)cc1,5.409200000000002,2.0,3.0,5.0,75.63,6.376750709602099
CHEMBL385893,active,COc1cccc2c(C(=O)O)c(O)c(-c3ccc(Cl)cc3)nc12,4.857100000000003,2.0,4.0,6.0,75.63,3.51427857351842
CHEMBL218703,active,CCOC(=O)/C(C#N)=C\Nc1ccc2c(c1)c1ccccc1n2CC,4.988300000000002,2.0,3.0,3.0,76.21,3.308564847855938
CHEMBL3218522,active,Cc1ccc(O)c(C(=O)NCC(c2ccccc2)c2ccccc2)c1,4.098100000000001,2.0,3.0,2.0,70.42,3.6989700043360187
CHEMBL600255,active,Cc1cc(Nc2ccc(C(C)C)cc2)n2ncnc2n1,6.027900000000005,1.0,5.0,5.0,51.22,4.0
CHEMBL155732,active,COc1cc(-c2ccccc2Cl)ccc1NC(=O)C1=C(C(=O)O)CCC1,5.347240000000005,1.0,5.0,5.0,51.22,6.647817481888637
CHEMBL155530,inactive,O=C(O)C1=C(C(=O)Nc2ccc(-c3cccc(OC(F)(F)F)c3)cc2[N+](=O)[O-])CCC1,3.116780000000001,1.0,4.0,3.0,62.18,6.4089353929735005
CHEMBL154121,inactive,COc1ccccc1-c1cc(F)c(NC(=O)C2=C(C(=O)O)CCC2)c(F)c1,4.337120000000003,1.0,6.0,6.0,55.11,7.376750709602099
CHEMBL154623,active,O=C(O)C1=C(C(=O)Nc2c(F)c(F)c(-c3cccc(OC(F)(F)F)c3)c(F)c2F)CCC1,5.215100000000003,2.0,3.0,6.0,75.63,8.154901959985743
CHEMBL71934,inactive,CC(C)(C)c1oncc1/C(S)=N/c1ccc(OC(F)(F)F)cc1,3.2876200000000013,1.0,4.0,3.0,46.92,4.301029995663981
CHEMBL141732,inactive,N#C/C(C(=O)Nc1ccc(C(F)(F)F)cc1)=C(/O)C1CC1,5.472500000000005,2.0,3.0,4.0,70.42,6.931814138253839
CHEMBL118468,inactive,CC(C)c1n[nH]c(Nc2ccc(C(F)(F)F)cc2)c1C#N,5.626000000000004,2.0,3.0,3.0,70.42,5.3979400086720375
CHEMBL306100,inactive,Cc1oncc1/C(S)=N/c1ccc(C#N)cc1,4.267420000000001,2.0,3.0,2.0,70.42,4.455931955649724
CHEMBL157277,inactive,COc1ccccc1-c1ccc(NC(=O)C2=C(C(=O)O)CCC2)c(Cl)c1,3.967600000000002,2.0,4.0,3.0,79.65,6.508638306165727
CHEMBL308141,inactive,FC(F)(F)Oc1ccc(NC(=S)c2cnoc2C2CC2)cc1,5.082400000000003,2.0,3.0,3.0,70.42,6.096910013008056
CHEMBL3410616,inactive,CCOC(=O)c1sc(Nc2c(F)cc(-c3cccc(OC)c3)cc2F)nc1-c1ccccc1,2.3334,2.0,3.0,2.0,64.5,6.507239610973162
CHEMBL3218515,inactive,O=C(NCC(c1ccccc1)c1ccccc1)c1cccc(Cl)c1O,4.701380000000003,2.0,3.0,3.0,64.5,3.6989700043360187
CHEMBL484294,inactive,CCc1cc(Nc2ccc3ccccc3c2)n2ncnc2n1,2.0736,1.0,4.0,4.0,46.92,3.6989700043360187
CHEMBL484305,active,Cc1cc(Nc2ccc3c(=O)cc(C)oc3c2)n2ncnc2n1,-0.6406999999999985,7.0,7.0,8.0,198.59999999999997,3.6989700043360187
CHEMBL345464,inactive,O=C(O)C1=C(C(=O)Nc2ccc(-c3cccc(OC(F)(F)F)c3)c(Cl)c2)CCC1,5.6078800000000015,2.0,3.0,3.0,73.11999999999999,7.698970004336019
CHEMBL195246,inactive,O=C(O)C1=C(C(=O)Nc2cc(Br)c(OCc3ccccc3)c(Br)c2)CSC1,3.967600000000002,2.0,4.0,3.0,79.65,6.761953896871205
CHEMBL218249,active,Nc1c(-c2ccc(-c3ccccc3)cc2)nc2ccc(F)cc2c1C(=O)O,4.721500000000002,2.0,3.0,2.0,70.42,7.920818753952375
CHEMBL218464,active,O=C(O)c1c(O)c(-c2ccc(Cl)cc2)nc2ccc(F)cc12,2.99948,2.0,3.0,2.0,73.11999999999999,6.505845405981557
CHEMBL118894,inactive,Cc1n[nH]c(Nc2ccc(C(F)(F)F)cc2)c1CO,5.324200000000003,3.0,4.0,4.0,107.72000000000001,5.568636235841013
CHEMBL70261,active,Cc1oncc1/C(S)=N/c1ccc(OC(F)(F)F)cc1,4.5969000000000015,2.0,4.0,5.0,75.63,5.142667503568732
CHEMBL3410601,active,CCOC(=O)c1sc(Nc2ccc(C(C)(C)C)cc2)nc1-c1ccccc1,4.3010800000000025,2.0,3.0,3.0,73.11999999999999,6.546681659952962
CHEMBL3410594,active,CCOC(=O)c1sc(Nc2ccc(C)c(C)c2)nc1-c1ccccc1,2.99948,2.0,3.0,2.0,73.11999999999999,7.236572006437063
CHEMBL71154,inactive,CCc1oncc1/C(S)=N/c1ccc(C#N)cc1,4.039900000000003,1.0,5.0,2.0,55.11,4.958607314841775
CHEMBL2178512,active,Cc1cc(NCc2ccccc2)n2nc(SCc3ccccc3)nc2n1,4.301080000000002,2.0,3.0,3.0,73.11999999999999,4.0
CHEMBL193365,active,O=C(O)C1=C(C(=O)Nc2ccc(OCc3c(F)cccc3Cl)c(Cl)c2)CCC1,4.954480000000002,2.0,3.0,3.0,73.11999999999999,7.958607314841775
CHEMBL2012829,inactive,Cc1nc2ccccc2n1-c1ccc(C(=O)NC2CC2)s1,3.6290000000000022,2.0,2.0,4.0,58.2,4.522878745280337
CHEMBL220467,active,Cc1c(-c2ccc(-c3ccccc3)cc2)nc2ccc(F)cc2c1C(=O)O,5.669300000000002,1.0,2.0,2.0,50.19,8.154901959985743
CHEMBL267210,active,Cc1ccc2c(C(=O)O)c(O)c(-c3ccc(Cl)cc3)nc2c1C,6.184420000000005,1.0,2.0,4.0,50.19,4.142667503568732
CHEMBL218727,active,CCC(C)c1cccc2c(C(=O)O)c(O)c(-c3ccc(Cl)cc3)nc12,5.273100000000002,2.0,2.0,4.0,66.39999999999999,3.521433504406157
CHEMBL218583,active,O=C(O)c1c(O)c(-c2ccc(Cl)cc2)nc2c(-c3ccccc3)cccc12,5.774600000000002,2.0,3.0,5.0,75.63,4.585026652029182
CHEMBL217919,active,Cc1cccc2nc(-c3ccc(Cl)cc3)c(O)c(C(=O)O)c12,5.111700000000003,2.0,3.0,3.0,70.42,4.292429823902063
CHEMBL219520,active,COc1ccc2nc(-c3ccc(Cl)cc3)c(O)c(C(=O)O)c2c1,4.817300000000002,3.0,4.0,3.0,90.65,4.366531544420414
CHEMBL218780,inactive,CC(C)c1cccc2c(C(=O)O)c(O)c(-c3ccc(Cl)cc3)nc12,3.305600000000001,2.0,3.0,2.0,70.42,3.54821356447571
CHEMBL119697,inactive,Cc1n[nH]c(Nc2ccccc2)c1C#N,5.319880000000002,2.0,3.0,3.0,73.11999999999999,4.301029995663981
CHEMBL118489,active,N#Cc1c(C2CCCC2)n[nH]c1Nc1ccc(C(F)(F)F)cc1,5.6078800000000015,2.0,3.0,3.0,73.11999999999999,4.301029995663981
CHEMBL3690108,active,CCCNC(=O)c1ccc(-n2cccn2)s1,4.309680000000003,2.0,4.0,4.0,82.35,4.522878745280337
CHEMBL3919626,inactive,NCCO.O=C(NCCO)c1ccc2cc(CCc3c(C(=O)O)[nH]c(=O)[nH]c3=O)ccc2c1,2.1511199999999997,1.0,5.0,2.0,55.11,6.0
CHEMBL375425,active,Cc1cc(C)c2nc(-c3ccc(Cl)cc3)c(O)c(C(=O)O)c2c1,4.728200000000003,2.0,4.0,6.0,71.45,5.309803919971486
CHEMBL370228,active,COc1cccc(-c2ccc(NC(=O)c3cocc3C(=O)O)c(F)c2)c1,5.399900000000003,2.0,4.0,6.0,71.45,6.468521082957745
CHEMBL3410590,active,CCOC(=O)c1sc(Nc2ccc(C)c(Cl)c2)nc1C1CC1,5.517620000000003,2.0,3.0,4.0,62.22,6.429457060118103
CHEMBL1460972,active,CCOC(=O)c1sc(Nc2ccc(Br)cc2)nc1C,5.460640000000003,2.0,3.0,4.0,62.22,5.042201225070002
CHEMBL484594,active,C/C(O)=C(\C#N)C(=O)Nc1ccc(-c2c(Cl)cccc2Cl)cc1Cl,5.215500000000003,2.0,4.0,6.0,71.45,4.782516055786093
CHEMBL219233,active,COc1ccc2c(C(=O)O)c(O)c(-c3ccc(Cl)cc3)nc2c1,1.8894999999999995,6.0,6.0,7.0,178.36999999999998,3.8210230527068303
CHEMBL218700,active,O=C(O)c1c(O)c(-c2ccc(Cl)cc2)nc2ccc(Br)cc12,5.387600000000003,2.0,2.0,3.0,65.97999999999999,6.675717544702307
CHEMBL973,active,C/C(O)=C(\C#N)C(=O)Nc1ccc(C(F)(F)F)cc1,5.148320000000004,2.0,4.0,5.0,83.79999999999998,6.585026652029182
CHEMBL484531,active,C/C(O)=C(\C#N)C(=O)Nc1ccc(-c2ccccc2Cl)cc1,2.99948,2.0,3.0,2.0,73.11999999999999,6.886056647693163
CHEMBL973,inactive,C/C(O)=C(\C#N)C(=O)Nc1ccc(C(F)(F)F)cc1,4.445920000000002,1.0,5.0,3.0,55.11,6.583359492661719
CHEMBL446825,active,Cc1cc(Nc2ccccc2)n2ncnc2n1,5.620700000000002,2.0,4.0,5.0,75.11,3.6989700043360187
CHEMBL503135,active,Cc1cc(Nc2cnc3ccccc3c2)n2ncnc2n1,3.219380000000002,2.0,6.0,5.0,112.30999999999999,3.6989700043360187
CHEMBL519836,active,FC(F)(F)c1cc(Nc2ccc3ccccc3c2)n2ncnc2n1,3.972080000000002,2.0,6.0,6.0,108.64999999999999,3.6989700043360187
CHEMBL505315,active,C/C(O)=C(\C#N)C(=O)Nc1ccc(-c2cccc(Cl)c2Cl)cc1,5.4304200000000025,2.0,3.0,4.0,62.22,6.698970004336019
CHEMBL1084927,inactive,CCC(=O)Nc1ccc(N(C)Cc2cccnc2)cc1C(=O)O,4.105780000000001,2.0,4.0,3.0,77.39,5.259637310505756
CHEMBL3910911,active,O=C(CNC(=O)c1ccc(C(F)(F)F)cc1)N[C@@H]1CCCc2ccccc21,4.616300000000002,2.0,4.0,5.0,71.45,4.698970004336019
CHEMBL1571058,active,O=C(O)c1cc(-c2ccc3c(c2)OCO3)nc2ccccc12,5.152220000000004,2.0,3.0,4.0,62.22,5.285938613185849
CHEMBL3819188,active,O=C(O)c1cc(-c2ccc(Cl)cc2Cl)nc2ccc(Br)cc12,3.9061400000000015,3.0,4.0,5.0,105.30999999999999,6.176395371644842
CHEMBL3818031,active,CCC(C)c1ccc(-c2nc3ccc(Br)cc3c(C(=O)O)c2C)cc1,5.152220000000003,2.0,3.0,4.0,62.22,8.013228265733755
CHEMBL348871,active,O=C(O)C1=C(C(=O)Nc2ccc(-c3ccc(Br)cc3)c(Cl)c2)CCC1,6.274820000000003,2.0,4.0,6.0,71.45,7.154901959985743
CHEMBL157004,active,O=C(O)C1=C(C(=O)Nc2ccc(-c3cccc(OC(F)(F)F)c3)cc2C(F)(F)F)CCC1,4.341340000000003,2.0,4.0,4.0,75.11,6.075720713938118
CHEMBL41719,active,O=C(O)c1c(O)c(-c2ccc(-c3ccccc3)cc2)nc2ccc(F)cc12,5.004000000000004,2.0,5.0,7.0,84.34,8.301029995663981
CHEMBL386159,active,O=C(O)c1c(O)c(-c2ccc(-c3ccc(O)cc3)cc2)nc2ccc(F)cc12,4.788800000000002,2.0,2.0,4.0,66.39999999999999,8.154901959985743
CHEMBL219376,active,O=C(O)c1c(O)c(-c2ccccc2)nc2ccccc12,5.009800000000003,2.0,4.0,6.0,71.45,4.920818753952375
CHEMBL484602,active,C/C(O)=C(\C#N)C(=O)Nc1ccc(-c2cccc(Cl)c2)cc1C(F)(F)F,4.547220000000003,2.0,4.0,4.0,75.11,4.062482107982653
CHEMBL520999,inactive,C/C(O)=C(\C#N)C(=O)Nc1ccc(-c2cccc(Cl)c2Cl)cc1Cl,3.3522000000000016,2.0,3.0,2.0,64.5,6.481486060122113
CHEMBL2263627,active,CCOc1cccc(-c2ccc(Nc3ncccc3C(=O)O)c(F)c2)c1,4.061400000000003,2.0,4.0,6.0,84.86,6.698970004336019
CHEMBL3674626,inactive,Cc1ccc(Nc2ccc(-c3cccc(C(F)(F)F)c3)nc2)c(C(=O)O)c1,4.105780000000001,2.0,4.0,3.0,77.39,7.008773924307505
CHEMBL3674657,active,Cc1ccc(Nc2cnc(-c3cccc(Cl)c3)c(C)c2)c(C(=O)O)c1,5.181720000000003,2.0,2.0,3.0,65.97999999999999,8.0
CHEMBL2263637,active,COc1cccc(-c2ccc(Nc3ncc(C4CC4)cc3C(=O)O)c(F)c2)c1,4.894900000000002,2.0,3.0,5.0,75.63,7.481486060122112
CHEMBL3942246,active,NCCO.O=C(Nc1cccc2ccc(CCc3c(C(=O)O)[nH]c(=O)[nH]c3=O)cc12)c1ccccc1,5.542400000000002,2.0,4.0,5.0,75.63,6.280668713016273
CHEMBL3677749,active,O=C(O)c1cc(Cl)cc2[nH]c(-c3ccc(-c4ccccc4)cc3F)nc12,5.034000000000002,2.0,3.0,5.0,75.63,6.18111458540599
CHEMBL3677796,active,Cc1cc(C(=O)O)c2nc(-c3ccc(-c4cnn(Cc5ccccc5)c4)cc3)[nH]c2c1,4.365600000000002,2.0,3.0,4.0,66.39999999999999,6.809668301829708
CHEMBL3677797,active,Cc1cc(C(=O)O)c2nc(-c3ccc(-c4ccc(Oc5ccccc5C#N)cc4)cc3)[nH]c2c1,4.365600000000002,2.0,3.0,4.0,66.4,5.692503962086787
CHEMBL3677823,active,O=C(O)c1cccn2cc(-c3ccc(-c4ccccc4)cc3)nc12,3.232000000000001,2.0,4.0,3.0,73.72999999999999,5.42021640338319
CHEMBL3677824,inactive,Cc1cc(C(=O)O)c2nc(-c3c(F)c(F)c(-c4ccsc4)c(F)c3F)[nH]c2c1,2.8782000000000014,1.0,3.0,4.0,32.34,7.301029995663981
CHEMBL3677832,active,O=C(O)c1cccc2[nH]c(-c3c(F)c(F)c(-c4cccc(OC(F)(F)F)c4)c(F)c3F)nc12,4.335600000000001,3.0,2.0,3.0,78.43,6.661543506395395
CHEMBL973,inactive,C/C(O)=C(\C#N)C(=O)Nc1ccc(C(F)(F)F)cc1,2.4913000000000007,1.0,5.0,4.0,64.63,6.356547323513812
CHEMBL3289670,active,Cc1cc(Nc2ccc(C(F)(F)F)c(F)c2)n2nc(C(C)(F)F)nc2n1,3.9634800000000023,2.0,5.0,5.0,99.42,4.769551078621726
CHEMBL3674674,active,O=C(O)c1cc(C2CC2)ccc1Nc1cnc(-c2cc(C(F)(F)F)ccc2F)nc1,4.477780000000003,2.0,5.0,5.0,99.42,7.6777807052660805
CHEMBL370008,active,O=C(O)C1=C(C(=O)Nc2ccc(OCc3ccccc3)cc2)CCC1,4.359540000000002,1.0,4.0,3.0,41.99,5.698970004336019
CHEMBL2263449,active,Cc1c(-c2ccccc2Cl)cc(F)c(Nc2ncccc2C(=O)O)c1F,5.439680000000004,1.0,5.0,3.0,79.03,8.397940008672037
CHEMBL118647,inactive,N#Cc1c(-c2cccnc2)n[nH]c1Nc1ccc(C(F)(F)F)cc1,3.3295200000000014,1.0,5.0,2.0,55.11,4.301029995663981
CHEMBL2263642,active,COc1cccc(-c2cc(F)c(Nc3ncccc3C(=O)O)c(F)c2)c1F,3.7170200000000024,1.0,6.0,6.0,73.06,7.275724130399211
CHEMBL3674632,active,Cc1ccc(Nc2cc(Cl)cnc2-c2ccccc2)c(C(=O)O)c1,5.692220000000004,1.0,5.0,5.0,51.22,7.2076083105017466
CHEMBL3674650,active,Cc1ccc(Nc2cnc(-c3cccc(C(N)=O)c3)c(C)c2)c(C(=O)O)c1,4.557640000000004,1.0,5.0,5.0,51.22,6.721246399047171
CHEMBL3674654,inactive,Cc1ccc(Nc2ccc(-c3ccccc3Cl)nc2)c(C(=O)O)c1,5.505100000000004,1.0,3.0,2.0,54.37,7.494850021680094
CHEMBL3674659,active,Cc1ccc(Nc2cnc(-c3ccncc3F)c(C)c2)c(C(=O)O)c1,5.853620000000004,1.0,2.0,3.0,50.19,7.431798275933005
CHEMBL3674664,active,Cc1ccc(Nc2ccc(-c3ccncc3F)nc2)c(C(=O)O)c1,4.211500000000003,3.0,5.0,6.0,112.92999999999999,7.045757490560675
CHEMBL3674670,active,O=C(O)c1cc(C2CC2)ccc1Nc1cnc(-c2ccccc2F)nc1,5.042500000000002,2.0,4.0,6.0,75.63,8.0
CHEMBL3674634,active,O=C(O)c1cc(C2CC2)ccc1Nc1cnc(-c2cccc(OC3CC3)c2)nc1,3.3712800000000005,2.0,4.0,3.0,52.89,6.943095148663527
CHEMBL345147,inactive,O=C(O)C1=C(C(=O)Nc2c(F)cc(-c3ccccc3Cl)cc2F)CCC1,3.8001200000000024,1.0,4.0,2.0,42.22,7.7447274948966935
CHEMBL2263643,inactive,O=C(O)c1cccnc1Nc1c(F)cc(-c2cccc(OC3CC3)c2)cc1F,1.6850199999999995,1.0,5.0,2.0,72.18,7.769551078621726
CHEMBL3674667,inactive,Cc1ccc(Nc2cnc(-c3ccccc3Cl)nc2)c(C(=O)O)c1,6.406000000000006,1.0,6.0,7.0,60.45,7.2441251443275085
CHEMBL118455,inactive,Cc1n[nH]c(Nc2ccccc2C(F)(F)F)c1C#N,6.962800000000005,1.0,6.0,8.0,60.45,4.301029995663981
CHEMBL358435,active,COc1ccc(-c2ccc(NC(=O)C3=C(C(=O)O)CCC3)c(Cl)c2)cc1,2.7647000000000004,2.0,4.0,6.0,82.53,5.075720713938118
CHEMBL120640,active,Cc1n[nH]c(Nc2ccc(C(C)(C)C)cc2)c1C#N,4.4772000000000025,2.0,4.0,5.0,71.45,5.443697499232712
CHEMBL3952460,active,O=C(CNC(=O)c1ccc(Cl)cc1)N[C@@H]1CCCc2ccccc21,4.627480000000001,2.0,4.0,5.0,99.42,4.698970004336019
CHEMBL304401,active,CCc1oncc1/C(S)=N/c1ccc(C(F)(F)F)cc1,5.170100000000003,2.0,5.0,6.0,74.58,5.522878745280337
CHEMBL118645,active,N#Cc1c(-c2ccncc2)n[nH]c1Nc1ccc(C(F)(F)F)cc1,4.632000000000002,1.0,5.0,5.0,65.79,4.301029995663981
CHEMBL3677754,inactive,Cc1cc(C(=O)O)c2nc(-c3ccc(-c4cccc(F)c4F)cc3)[nH]c2c1,3.931700000000003,1.0,4.0,5.0,46.92,6.0467236633326955
CHEMBL154493,inactive,O=C(O)C1=C(C(=O)Nc2ccc(-c3cccc(OC(F)(F)F)c3)cc2F)CCC1,3.437240000000002,1.0,5.0,4.0,55.11,6.552841968657781
CHEMBL157105,active,O=C(O)C1=C(C(=O)Nc2c(F)cc(-c3cccc(OC(F)(F)F)c3)cc2F)CCC1,5.034000000000002,2.0,3.0,5.0,75.63,7.481486060122112
CHEMBL381043,active,O=C(Nc1ccc(-c2ccccc2)cc1)c1ccsc1C(=O)O,4.534100000000002,2.0,3.0,6.0,75.63,6.518557371497695
CHEMBL305215,inactive,N#Cc1ccc(NC(=S)c2cnoc2C2CC2)cc1,3.9345200000000027,1.0,4.0,2.0,42.22,5.031517051446065
CHEMBL118395,active,Cc1n[nH]c(Nc2ccc(OC(F)(F)F)cc2)c1C#N,5.1220000000000026,2.0,3.0,4.0,62.22,6.301029995663981
CHEMBL3690107,active,CCCNC(=O)c1ccc(N2CCCCC2)s1,5.999400000000002,2.0,3.0,5.0,62.22,4.522878745280337
CHEMBL1088742,inactive,O=C(Nc1cc(Cl)cc(Cl)c1)Nc1ccccc1C(=O)O,3.0840200000000015,1.0,6.0,3.0,63.31,6.154901959985743
CHEMBL2431516,active,CCOC(=O)C1=C(Nc2ccc3c(c2)CCC3)SCC1=O,4.977740000000004,1.0,5.0,4.0,51.22,4.301029995663981
CHEMBL2431502,inactive,CCOC(=O)C1=C(Nc2ccc(C(F)(F)F)cc2)OCC1=O,2.804120000000001,1.0,5.0,2.0,55.11,4.301029995663981
CHEMBL1929435,inactive,CC/C(O)=C(\C#N)C(=O)Nc1ccc(-c2ccc(F)cc2)c(C(=O)OC)c1,3.2284200000000016,1.0,6.0,4.0,64.34,6.958607314841775
CHEMBL1929437,inactive,CC/C(O)=C(\C#N)C(=O)Nc1ccc(-c2cccc(Cl)c2)c(C(=O)OC)c1,4.331520000000003,1.0,5.0,4.0,55.11,7.508638306165727
CHEMBL1076869,inactive,Brc1ccc(-c2csc(N/N=C/c3ccccc3)n2)cc1,3.9414200000000026,1.0,5.0,3.0,55.11,5.481486060122113
CHEMBL2178110,active,CC1=NN(c2ccccc2)C(=O)/C1=C/c1ccc(-c2cccc(C(=O)O)c2)o1,4.867300000000002,2.0,4.0,6.0,71.45,5.562249437179612
CHEMBL2178108,inactive,CC(=O)c1sc(Nc2ccc(C)c(Cl)c2)nc1C,4.331520000000003,1.0,5.0,4.0,55.11,6.031517051446065
CHEMBL1957366,active,N#Cc1c(-c2ccc(-c3ccccc3OC(F)(F)F)cc2)nc2ccncc2c1O,4.5766000000000036,2.0,3.0,5.0,69.64,6.698970004336019
CHEMBL475813,inactive,Cc1cc(Nc2ccc3ccccc3c2)n2ncnc2n1,4.267420000000001,2.0,3.0,2.0,70.42,3.6989700043360187
CHEMBL3409299,inactive,Cc1c(C(O)c2ccccc2)c(OC(C)C)nn1-c1ncc(C2CC2)cn1,4.267420000000001,2.0,3.0,2.0,70.42,7.79997073344623
CHEMBL1450,inactive,O=C1C(O)=C([C@H]2CC[C@H](c3ccc(Cl)cc3)CC2)C(=O)c2ccccc21,3.2690000000000046,5.0,12.0,15.0,278.8,4.838631997765025
CHEMBL973,inactive,C/C(O)=C(\C#N)C(=O)Nc1ccc(C(F)(F)F)cc1,3.2541200000000012,1.0,3.0,2.0,55.13,5.96537154337468
CHEMBL38434,inactive,Cc1c(-c2ccc(-c3ccccc3F)cc2)nc2ccc(F)cc2c1C(=O)O,3.7756000000000025,1.0,5.0,7.0,64.63,8.096910013008056
CHEMBL200894,active,COc1cccc(-c2ccc(NC(=O)c3csc(C(=O)O)c3C(=O)O)c(F)c2)c1,4.867300000000002,2.0,4.0,6.0,71.45,6.0
CHEMBL383165,active,CCOc1ccccc1-c1cc(F)c(NC(=O)c2cscc2C(=O)O)c(F)c1,4.004900000000002,2.0,3.0,5.0,75.63,8.0
CHEMBL70544,active,CC(=O)/C(C#N)=C(/S)Nc1ccc(C(F)(F)F)cc1,5.064220000000002,2.0,3.0,5.0,75.63,6.096910013008056
CHEMBL2172226,active,Cc1cc(Nc2ccc(C(F)(F)F)cc2)n2ccnc2n1,4.954480000000002,2.0,3.0,3.0,73.11999999999999,4.0
CHEMBL2172238,active,Cc1cc(NC(=O)c2ccccc2)n2ncnc2n1,5.319880000000002,2.0,3.0,3.0,73.11999999999999,4.0
CHEMBL3410613,inactive,CCOC(=O)c1sc(Nc2ccc(-c3cccc(OC)c3)cc2)nc1-c1ccccc1,5.029920000000002,2.0,3.0,2.0,70.42,5.0
CHEMBL3410618,inactive,CCOC(=O)c1sc(Nc2ccc(OCc3ccccc3)c(Cl)c2)nc1-c1ccccc1,5.704100000000004,1.0,4.0,8.0,47.620000000000005,5.0
CHEMBL1084928,inactive,CN(Cc1cccnc1)c1ccc(NC(=O)C2CC2)c(C(=O)O)c1,3.788940000000002,2.0,2.0,2.0,40.71,7.0
CHEMBL2263632,active,COc1cccc(-c2cc(F)c(Nc3ncccc3C(=O)O)c(F)c2)c1,5.8872000000000035,2.0,4.0,7.0,71.45,7.823908740944319
CHEMBL154336,inactive,N#Cc1cc(-c2cccc(OC(F)(F)F)c2)ccc1NC(=O)C1=C(C(=O)O)CCC1,4.4955000000000025,1.0,5.0,4.0,55.4,6.431798275933005
CHEMBL3919303,active,CCc1sc(N/N=C/c2ccccc2C(=O)O)nc1-c1ccccc1Cl,4.777020000000002,2.0,3.0,4.0,62.22,6.448550002027125
CHEMBL3913950,active,CN(/N=C/c1ccccc1C(=O)O)c1nc(-c2cccc(Cl)c2)cs1,5.4304200000000025,2.0,3.0,4.0,62.22,7.958607314841775
CHEMBL2012831,active,CCCc1nc2ccccc2n1-c1ccc(C(=O)NC2CC2)s1,4.777020000000002,2.0,3.0,4.0,62.22,4.82102305270683
CHEMBL1784716,active,CCCc1c(C)nc2ncnn2c1Nc1ccc(C)cc1,5.744700000000003,2.0,4.0,7.0,71.45,4.0
CHEMBL154214,active,O=C(O)C1=C(C(=O)Nc2ccc(-c3ccc(OC(F)(F)F)cc3)cc2F)CCC1,0.8973999999999993,1.0,5.0,5.0,74.28,5.2441251443275085
CHEMBL157105,active,O=C(O)C1=C(C(=O)Nc2c(F)cc(-c3cccc(OC(F)(F)F)c3)cc2F)CCC1,6.029200000000003,2.0,2.0,4.0,66.39999999999999,7.481486060122112
CHEMBL347148,active,COc1ccc(-c2ccc(NC(=O)C3=C(C(=O)O)CCC3)c(F)c2)cc1,4.422200000000002,2.0,3.0,5.0,75.63,5.769551078621726
CHEMBL351786,inactive,CCOc1cccc(-c2cc(F)c(NC(=O)C3=C(C(=O)O)CCC3)c(F)c2)c1,3.0749200000000005,1.0,6.0,3.0,64.34,7.769551078621726
CHEMBL2172236,active,Cc1cc(Nc2ccc3ccccc3c2)n2ccnc2n1,6.402600000000004,1.0,5.0,5.0,51.22,4.0
CHEMBL2259675,inactive,O=C(O)c1cc(Cl)cnc1Nc1c(F)cc(-c2ccccc2)cc1F,4.462320000000003,1.0,3.0,3.0,72.24,8.097018600202498
CHEMBL2263629,inactive,COc1cccc(-c2ccc(Nc3ncccc3C(=O)O)c(Cl)c2)c1,3.7756000000000025,1.0,5.0,7.0,64.63,6.823995608527747
CHEMBL2263447,active,O=C(O)c1cc(C2CC2)cnc1Nc1c(F)cc(-c2ccccc2Cl)cc1F,5.034000000000002,2.0,3.0,5.0,75.63,8.301029995663981
CHEMBL1704856,inactive,Cc1cc(O)n2nc(SCc3ccc(Cl)cc3)nc2n1,4.721500000000002,2.0,3.0,2.0,70.42,4.4089353929735005
CHEMBL3410591,active,CCOC(=O)c1sc(Nc2ccc(C)c(C)c2)nc1C(C)(C)C,4.267420000000001,2.0,3.0,2.0,70.42,6.288192770958809
CHEMBL1784717,active,Cc1ccc(Nc2c3c(nc4ncnn24)CCC3)cc1F,4.102580000000002,2.0,5.0,5.0,99.42,4.0
CHEMBL1956470,inactive,CCOc1nc2nc(C)cc(Nc3cccc(Cl)c3)n2n1,4.213920000000002,1.0,5.0,2.0,55.11,4.0
CHEMBL1956286,active,CCC(F)(F)c1nc2nc(C)cc(Nc3ccc(Cl)cc3)n2n1,4.046380000000002,2.0,4.0,5.0,82.35,4.0
CHEMBL1956283,active,Cc1cc(Nc2ccc(Cl)cc2)n2nc(C(C)(F)F)nc2n1,3.647680000000001,2.0,3.0,3.0,73.11999999999999,4.0
CHEMBL2263631,active,CCOc1cccc(-c2cc(F)c(Nc3ncccc3C(=O)O)c(F)c2)c1,3.8744000000000023,2.0,4.0,6.0,84.86,7.721017883134556
CHEMBL1956287,inactive,CCC(F)(F)c1nc2nc(C)cc(Nc3cccc(Cl)c3)n2n1,2.6238400000000004,1.0,5.0,2.0,55.11,4.0
CHEMBL154151,active,CN(C)c1ccc(-c2ccc(NC(=O)C3=C(C(=O)O)CCC3)cc2Cl)cc1,5.312200000000002,2.0,3.0,5.0,75.63,7.301029995663981
CHEMBL218084,active,O=C(O)c1c(O)c(-c2ccc(Oc3ccccc3)cc2)nc2ccc(F)cc12,4.158500000000001,2.0,4.0,5.0,84.86,8.221848749616356
CHEMBL218062,inactive,O=C(O)c1c(O)c(-c2ccc(-c3ccc(O)cc3)cc2)nc2ccccc12,5.801320000000004,1.0,5.0,5.0,51.22,8.221848749616356
CHEMBL217959,active,Cc1ccc2c(C(=O)O)c(O)c(-c3ccc(Cl)cc3)nc2c1,5.787220000000003,2.0,5.0,4.0,88.49000000000001,4.769551078621726
CHEMBL375815,active,Cc1cccc2c(C(=O)O)c(O)c(-c3ccc(Cl)cc3)nc12,4.152600000000002,2.0,4.0,6.0,84.86,3.6736641390712483
CHEMBL3286441,inactive,COc1ccc2nc(C(=O)Nc3ccc(-c4ccccc4)cc3)c(C)c(O)c2c1,2.8726400000000014,1.0,3.0,2.0,29.1,5.642065152999546
CHEMBL3290846,inactive,Cc1c(C(=O)Nc2c(F)cc(-c3cccc(F)c3)cc2F)nc2ccc(C(F)(F)F)cc2c1C(=O)O,3.9704000000000015,1.0,5.0,4.0,55.4,5.46344155742847
CHEMBL160,inactive,C/C=C/C[C@@H](C)[C@@H](O)[C@H]1C(=O)N[C@@H](CC)C(=O)N(C)CC(=O)N(C)[C@@H](CC(C)C)C(=O)N[C@@H](C(C)C)C(=O)N(C)[C@@H](CC(C)C)C(=O)N[C@@H](C)C(=O)N[C@H](C)C(=O)N(C)[C@@H](CC(C)C)C(=O)N(C)[C@@H](CC(C)C)C(=O)N(C)[C@@H](C(C)C)C(=O)N1C,2.1891,1.0,5.0,4.0,55.4,4.301029995663981
CHEMBL960,inactive,Cc1oncc1C(=O)Nc1ccc(C(F)(F)F)cc1,2.842500000000001,1.0,5.0,4.0,55.4,4.886056647693163
CHEMBL373493,inactive,CCOC(=O)C(=CNc1ccc(-c2ccccc2)cc1)C(=O)OCC,4.8576000000000015,2.0,4.0,3.0,79.65,3.3010299956639813
CHEMBL2263631,active,CCOc1cccc(-c2cc(F)c(Nc3ncccc3C(=O)O)c(F)c2)c1,5.312200000000002,2.0,3.0,5.0,75.63,7.721246399047171
CHEMBL197194,inactive,COc1cccc(-c2ccc(NC(=O)C3=C(C(=O)O)CCC3)c(F)c2)c1,4.577100000000003,1.0,2.0,3.0,57.61,6.872895201635193
CHEMBL155597,inactive,Cc1cc(-c2cccc(OC(F)(F)F)c2)ccc1NC(=O)C1=C(C(=O)O)CCC1,2.9388200000000007,1.0,5.0,2.0,55.11,6.823908740944319
CHEMBL520008,inactive,C/C(O)=C(\C#N)C(=O)Nc1ccc(-c2cccc(Cl)c2)c(Cl)c1,3.736080000000002,1.0,4.0,5.0,62.120000000000005,6.721246399047171
CHEMBL218051,active,Cc1cc(Br)cc2c(C(=O)O)c(O)c(-c3ccc(Cl)cc3)nc12,4.930600000000002,2.0,4.0,5.0,75.63,4.3872161432802645
CHEMBL68539,active,CCCCCCc1oncc1/C(S)=N/c1ccc(OC(F)(F)F)cc1,5.042500000000002,2.0,4.0,6.0,75.63,4.301029995663981
CHEMBL116946,active,Cc1n[nH]c(Nc2ccc(C(F)(F)F)cc2)c1C,4.422200000000002,2.0,3.0,5.0,75.63,4.647817481888637
CHEMBL2263645,inactive,O=C(O)c1cc(C2CC2)cnc1Nc1c(F)cc(-c2cccc(OC3CC3)c2)cc1F,3.998000000000002,1.0,4.0,3.0,46.92,8.221848749616356
CHEMBL571285,inactive,NC(=O)c1cccc2[nH]c(-c3ccc(-c4cccnc4)cc3)nc12,4.114700000000002,2.0,3.0,2.0,64.5,4.721246399047171
CHEMBL307768,active,CN(C)c1ccc(NC(=S)c2cnoc2C2CC2)cc1,4.5740000000000025,2.0,4.0,6.0,88.77,4.301029995663981
CHEMBL2431517,active,CCOC(=O)C1=C(Nc2ccc3cc4ccccc4cc3c2)SCC1=O,4.894900000000002,2.0,3.0,5.0,75.63,4.301029995663981
CHEMBL2431485,inactive,CCCCNC(=O)C1=C(Nc2ccc(C)c(C)c2)SCC1=O,4.941240000000003,2.0,3.0,2.0,70.42,5.354381261757305
CHEMBL2263626,active,Cc1ccccc1-c1cc(F)c(Nc2ncccc2C(=O)O)c(F)c1,4.8751000000000015,2.0,4.0,5.0,75.63,7.959002307576509
CHEMBL2263449,active,Cc1c(-c2ccccc2Cl)cc(F)c(Nc2ncccc2C(=O)O)c1F,5.853620000000004,1.0,2.0,3.0,50.19,8.398048595866479
CHEMBL2263644,active,Cc1c(-c2ccccc2)cc(F)c(Nc2ncccc2C(=O)O)c1F,5.152000000000002,1.0,3.0,3.0,59.42,8.301029995663981
CHEMBL2263641,active,CCOc1cccc(-c2cc(F)c(Nc3ncc(C4CC4)cc3C(=O)O)cc2F)c1,4.513300000000003,2.0,4.0,5.0,75.63,7.638083381331357
CHEMBL2263635,active,O=C([O-])c1ccncc1Nc1ccc(-c2cccc(OC(F)(F)F)c2)cc1F.[Li+],5.5424000000000015,2.0,4.0,5.0,75.63,6.698991719603
CHEMBL349577,active,O=C(O)C1=C(C(=O)Nc2ccc(-c3cccc4ccccc34)cc2C(F)(F)F)CCC1,5.027600000000002,2.0,4.0,5.0,75.63,6.7447274948966935
CHEMBL345701,inactive,COc1ccccc1-c1c(F)c(F)c(NC(=O)C2=C(C(=O)O)CCC2)c(F)c1F,3.475580000000001,3.0,4.0,4.0,76.53,8.096910013008056
CHEMBL492530,inactive,Cc1cc(Nc2ccc(OC(F)(F)F)cc2)n2ncnc2n1,3.2541200000000012,1.0,3.0,2.0,55.13,4.0
CHEMBL1929450,inactive,CC/C(O)=C(\C#N)C(=O)Nc1ccc(-c2cccc(OC)c2)c(C(=O)OC)c1,2.4725,2.0,3.0,2.0,64.5,7.585026652029182
CHEMBL3410602,active,CCOC(=O)c1sc(Nc2ccc(Cl)c(C(F)(F)F)c2)nc1-c1ccccc1,1.5229200000000005,0.0,3.0,3.0,53.019999999999996,6.882728704344236
CHEMBL374432,active,Cc1ccc2c(C(=O)O)c(O)c(-c3ccc(Br)cc3)nc2c1C,1.5216000000000003,5.0,5.0,5.0,149.26999999999998,4.251811972993799
CHEMBL217918,inactive,Cc1ccc2nc(-c3ccc(Cl)cc3)c(O)c(C(=O)O)c2c1,6.335520000000003,1.0,5.0,5.0,55.11,6.66354026615147
CHEMBL1929445,inactive,CC/C(O)=C(\C#N)C(=O)Nc1ccc(-c2ccc(F)c(F)c2)c(C(=O)OC)c1,3.8621200000000027,1.0,5.0,4.0,55.11,7.013228265733755
CHEMBL330901,active,Cc1ccc(Nc2[nH]nc(C)c2C#N)cc1,2.99948,2.0,3.0,2.0,73.11999999999999,4.91721462968355
CHEMBL1956290,inactive,Cc1cc(Nc2ccc(C(F)(F)F)cc2)n2nc(C(F)(F)F)nc2n1,4.381580000000003,1.0,4.0,3.0,61.85,4.0
CHEMBL1956272,inactive,Cc1cc(Nc2ccc(C(F)(F)F)cc2)n2nc(C(C)(C)C)nc2n1,3.4791000000000016,1.0,4.0,0.0,47.040000000000006,4.0
CHEMBL486697,inactive,Cc1cc(N(Cc2ccccc2)c2ccc3ccccc3c2)n2ncnc2n1,4.677180000000005,1.0,4.0,7.0,62.18,3.6989700043360187
CHEMBL154372,inactive,COc1cccc(-c2ccc(NC(=O)C3=C(C(=O)O)CCC3)c(OC)c2)c1,4.232300000000003,2.0,2.0,5.0,49.33,6.769551078621726
CHEMBL492719,active,Cc1cc(Nc2ccc(C)c(F)c2)n2ncnc2n1,-1.4170999999999982,6.0,6.0,6.0,192.35999999999999,4.0
CHEMBL154623,active,O=C(O)C1=C(C(=O)Nc2c(F)c(F)c(-c3cccc(OC(F)(F)F)c3)c(F)c2F)CCC1,-1.1563999999999979,6.0,6.0,6.0,178.36999999999998,8.154901959985743
CHEMBL194954,inactive,O=C(O)C1=C(C(=O)Nc2c(F)c(F)c(-c3cccc(OC(F)(F)F)c3)c(F)c2F)COC1,2.829720000000001,1.0,5.0,2.0,55.11,7.236572006437063
CHEMBL3410606,active,CCOC(=O)c1sc(Nc2ccc(Br)cc2C)nc1-c1ccccc1,6.828900000000005,1.0,3.0,4.0,59.42,5.0
CHEMBL3410598,active,CCOC(=O)c1sc(Nc2ccc(OC)cc2)nc1-c1ccccc1,5.459920000000003,2.0,2.0,3.0,65.97999999999999,5.841637507904751
CHEMBL3809369,active,Cc1ccccc1NC(=O)c1cccc2nc(-c3cc(Br)nn3-c3ncccc3Cl)[nH]c12,5.497200000000003,2.0,3.0,4.0,62.22,6.170053304058364
CHEMBL345652,inactive,COc1ccc(-c2cc(F)c(NC(=O)C3=C(C(=O)O)CCC3)c(F)c2)c(OC)c1,4.328400000000004,1.0,2.0,4.0,57.61,7.045757490560675
CHEMBL69668,inactive,Cc1oncc1C(=S)Nc1ccc(N(C)C)cc1,3.814600000000002,1.0,2.0,3.0,57.61,4.301029995663981
CHEMBL2431507,active,CCOC(=O)C1=C(Nc2ccc(Br)c(C(F)(F)F)c2)SCC1=O,4.001600000000002,2.0,3.0,2.0,52.82000000000001,4.301029995663981
CHEMBL1334527,inactive,CCOC(=O)C1=C(Nc2ccccc2)SCC1=O,4.999000000000003,1.0,3.0,2.0,38.39,4.301029995663981
CHEMBL1732938,inactive,CCOC(=O)C1=C(Nc2ccc(Cl)cc2)SCC1=O,4.772280000000001,2.0,4.0,3.0,64.5,4.301029995663981
CHEMBL218083,inactive,O=C(O)c1c(O)c(-c2ccc(Cl)cc2)nc2c(OC(F)(F)F)cccc12,3.128820000000001,1.0,5.0,4.0,55.11,3.886056647693163
CHEMBL372561,inactive,CN(C(=O)c1ccc2cc(Br)ccc2c1)c1ccccc1C(=O)O,4.445920000000002,1.0,5.0,3.0,55.11,3.6989700043360187
CHEMBL492520,active,Cc1cc(Nc2ccc(Br)cc2)n2ncnc2n1,5.853620000000004,1.0,2.0,3.0,50.19,4.0
CHEMBL387254,active,CCOC(=O)/C(C#N)=C\Nc1cccc(-c2ccccc2)c1,4.892040000000002,2.0,3.0,3.0,70.91,3.6579723119125283
CHEMBL119801,active,Cc1n[nH]c(Nc2ccc(C#N)cc2)c1C#N,4.777020000000002,2.0,3.0,4.0,62.22,5.494850021680094
CHEMBL199361,inactive,COc1ccccc1-c1c(F)c(F)c(NC(=O)c2ccsc2C(=O)O)c(F)c1F,4.997600000000002,2.0,5.0,3.0,80.48,9.0
CHEMBL345701,active,COc1ccccc1-c1c(F)c(F)c(NC(=O)C2=C(C(=O)O)CCC2)c(F)c1F,2.3857800000000005,2.0,8.0,6.0,142.78999999999996,8.096910013008056
CHEMBL1957461,inactive,Cn1cc(-c2ccc(-c3nc4ccncc4c(O)c3C#N)cc2)cn1,2.2870800000000004,0.0,5.0,2.0,53.330000000000005,5.00436480540245
CHEMBL2012965,active,O=C(NC1CC1)c1ccc(-n2cnc3cc(C(F)(F)F)ccc32)s1,5.853620000000004,1.0,2.0,3.0,50.19,4.764471553092451
CHEMBL118997,active,Cc1n[nH]c(Nc2ccc(C(F)(F)F)c(Br)c2)c1C#N,4.5954400000000035,1.0,5.0,5.0,65.79,4.301029995663981
CHEMBL200895,inactive,CCOc1cccc(-c2cc(F)c(NC(=O)c3cocc3C(=O)O)c(F)c2)c1,3.473320000000001,1.0,5.0,2.0,55.11,7.795880017344075
CHEMBL154493,inactive,O=C(O)C1=C(C(=O)Nc2ccc(-c3cccc(OC(F)(F)F)c3)cc2F)CCC1,2.968820000000001,1.0,5.0,2.0,55.11,6.552841968657781
CHEMBL219489,inactive,O=C(O)c1c(O)c(-c2ccc(O)cc2)nc2ccc(F)cc12,3.5189200000000014,1.0,5.0,5.0,55.11,5.6777807052660805
CHEMBL219174,inactive,Cc1ccc2c(C(=O)O)c(O)c(-c3ccc(C(F)(F)F)cc3)nc2c1C,3.5401000000000007,1.0,5.0,2.0,55.11,4.494850021680094
CHEMBL194955,active,O=C(O)C1=C(C(=O)Nc2c(F)c(F)c(-c3cccc(OC(F)(F)F)c3)c(F)c2F)CSC1,5.150420000000004,4.0,4.0,5.0,107.10999999999999,8.397940008672037
CHEMBL2385719,active,O=C(O)c1cc(-c2ccc(OC(F)(F)F)cc2)nc2ccc(Cl)cc12,5.1655200000000026,3.0,3.0,3.0,86.21,6.508638306165727
CHEMBL371732,active,COc1cccc(-c2ccc(NC(=O)c3ccsc3C(=O)O)c(F)c2)c1,5.213000000000001,2.0,3.0,3.0,65.97999999999999,7.356547323513812
CHEMBL199347,active,O=C(O)c1cscc1C(=O)Nc1c(F)cc(-c2ccccc2OC(F)(F)F)cc1F,0.8973999999999993,1.0,5.0,5.0,74.28,8.0
CHEMBL200858,active,COc1ccccc1-c1ccc(NC(=O)c2ccsc2C(=O)O)cc1Cl,4.742800000000003,2.0,3.0,4.0,75.21000000000001,7.920818753952375
CHEMBL333276,active,N#Cc1c(Nc2ccc(C(F)(F)F)cc2)n[nH]c1O,4.873300000000002,2.0,2.0,3.0,65.97999999999999,4.301029995663981
CHEMBL333404,active,Cc1n[nH]c(Nc2ccc(F)cc2)c1C#N,3.701900000000002,3.0,3.0,4.0,86.63,4.7121982700697735
CHEMBL303167,active,FC(F)(F)Oc1ccc(NC(=S)c2cnoc2C2CCCCC2)cc1,4.873300000000002,2.0,2.0,3.0,65.97999999999999,4.301029995663981
CHEMBL3950655,active,CN(/N=C/c1ccc(C(F)(F)F)cc1C(=O)O)c1nc(-c2ccccc2Cl)cs1,5.042200000000003,1.0,3.0,5.0,59.42,7.060480747381382
CHEMBL300058,active,Cc1c(-c2ccc(-c3ccccc3F)cc2)nc2ccc(F)cc2c1C(=O)[O-].[Na+],5.097900000000004,2.0,4.0,4.0,79.65,8.096910013008056
CHEMBL3935411,inactive,COC(=O)c1ccc(CCc2c(C(=O)O)[nH]c(=O)[nH]c2=O)cc1.NCCO,4.612400000000001,2.0,3.0,2.0,70.42,5.554395796726403
CHEMBL3907470,inactive,NCCO.NCCO.O=C(O)c1cccc(CCc2c(C(=O)O)[nH]c(=O)[nH]c2=O)c1,4.977800000000002,2.0,3.0,2.0,70.42,5.619788758288394
CHEMBL3917513,inactive,COc1ccc(CCc2c(C(=O)O)[nH]c(=O)[nH]c2=O)cc1.NCCO,2.417020000000001,1.0,5.0,6.0,64.63,5.600326278518962
CHEMBL3979926,active,NC(=O)c1ccc2cc(CCc3c(C(=O)O)[nH]c(=O)[nH]c3=O)ccc2c1.NCCO,4.068600000000002,1.0,5.0,5.0,54.35,5.301029995663981
CHEMBL1956289,inactive,CCC(F)(F)c1nc2nc(C)cc(Nc3ccc(S(F)(F)(F)(F)F)cc3)n2n1,1.6397,1.0,4.0,4.0,35.580000000000005,4.0
CHEMBL1957370,active,N#Cc1c(-c2ccc(-c3ccncc3Cl)cc2)nc2ccncc2c1O,0.6458000000000004,5.0,6.0,6.0,158.5,5.200659450546418
CHEMBL1784714,active,CCc1c(C)nc2ncnn2c1Nc1ccc(C(C)C)cc1,0.6199000000000003,5.0,7.0,8.0,167.73,4.0
CHEMBL449358,active,Cc1cc(Nc2cccc3ccccc23)n2ncnc2n1,1.2040000000000004,5.0,7.0,8.0,175.57,3.6989700043360187
CHEMBL445375,active,N#Cc1c(-c2ccccc2)n[nH]c1Nc1ccc(C(F)(F)F)cc1,0.046400000000001274,5.0,5.0,6.0,149.26999999999998,4.301029995663981
CHEMBL419631,active,CCc1oncc1/C(S)=N/c1ccc(N(C)C)cc1,0.38259999999999983,5.0,6.0,6.0,158.49999999999997,4.393618634889395
CHEMBL999,active,C/C(O)=C(/C#N)C(=O)Nc1ccc(C(F)(F)F)cc1,-0.7293999999999978,5.0,7.0,6.0,175.57,6.698970004336019
CHEMBL71682,active,FC(F)(F)c1ccc(NC(=S)c2cnoc2C2CCCCC2)cc1,-1.8803999999999965,8.0,8.0,7.0,232.81999999999994,4.301029995663981
CHEMBL418870,active,O=C1CCCc2n[nH]c(Nc3ccc(C(F)(F)F)cc3)c21,-1.4170999999999982,6.0,6.0,6.0,192.35999999999999,5.187086643357144
CHEMBL334317,active,Cc1n[nH]c(Nc2ccc(C(F)(F)F)cc2)c1C#N,4.916120000000002,2.0,3.0,4.0,62.22,5.585026652029182
CHEMBL71320,active,N#Cc1ccc(NC(=S)c2cnoc2C2CCCCC2)cc1,4.860620000000002,2.0,2.0,3.0,71.77000000000001,4.301029995663981
CHEMBL2177495,active,c1ccc2c(c1)Nc1nc3ccccc3nc1O2,5.429700000000001,2.0,2.0,3.0,65.97999999999999,4.738023808602187
CHEMBL200856,active,CCOc1ccccc1-c1cc(F)c(NC(=O)c2ccsc2C(=O)O)c(F)c1,5.599020000000002,2.0,2.0,3.0,65.97999999999999,8.045757490560675
CHEMBL3889490,active,COc1cc(CCc2c(C(=O)O)[nH]c(=O)[nH]c2=O)cc(OC)c1.NCCO,4.854920000000003,2.0,3.0,3.0,78.87,5.97469413473523
CHEMBL3410575,inactive,CC(=O)c1sc(Nc2ccc(Br)c(C(F)(F)F)c2)nc1C,3.7882200000000017,1.0,6.0,3.0,55.11,5.715343717211484
CHEMBL154908,active,O=C(O)C1=C(C(=O)Nc2ccc(-c3ccc(Br)cc3)cc2Cl)CCC1,0.7816000000000016,5.0,7.0,5.0,178.80999999999997,5.5376020021010435
CHEMBL3218520,active,O=C(NCC(c1ccccc1)c1ccccc1)c1ccc(F)c(F)c1O,4.550920000000002,1.0,4.0,3.0,41.99,3.886056647693163
CHEMBL3934806,inactive,NCCO.O=C(O)c1[nH]c(=O)[nH]c(=O)c1CCc1ccccc1,4.129900000000002,1.0,5.0,5.0,64.63,5.301029995663981
CHEMBL3915927,inactive,N#CCc1ccc(CCc2c(C(=O)O)[nH]c(=O)[nH]c2=O)cc1.NCCO,2.3513,1.0,5.0,4.0,64.63,5.301029995663981
CHEMBL3967690,inactive,NC(=O)c1ccc(CCc2c(C(=O)O)[nH]c(=O)[nH]c2=O)cc1.NCCO,1.9612,1.0,5.0,4.0,64.63,6.0
CHEMBL452465,inactive,Cc1cc(Nc2ccc(Cl)cc2)n2ncnc2n1,3.3423000000000016,1.0,5.0,4.0,55.4,4.0
CHEMBL2385510,inactive,CC(C)(C)c1ccc(Oc2ccc(-c3cc(C(=O)O)c4cc(F)ccc4n3)cc2)cc1,3.4652400000000023,2.0,3.0,2.0,52.82000000000001,7.721246399047171
CHEMBL3677748,active,Cc1cc(C(=O)O)c2nc(-c3c(F)c(F)c(-c4ccccc4)c(F)c3F)[nH]c2c1,4.728200000000003,2.0,4.0,6.0,71.45,8.167491087293763
CHEMBL3677763,inactive,O=C(O)c1cc(F)cc2[nH]c(-c3c(F)cc(-c4ccccc4)cc3F)nc12,3.593820000000002,1.0,6.0,4.0,64.34,6.559090917934782
CHEMBL3674625,inactive,O=C(O)c1cc(C2CC2)ccc1Nc1cnc(-c2ccccc2)nc1,3.2284200000000016,1.0,6.0,4.0,64.34,6.978810700930062
CHEMBL3674652,inactive,COc1cccc(-c2ncc(Nc3ccc(C)cc3C(=O)O)cc2C(F)(F)F)c1,3.3295200000000014,1.0,5.0,2.0,55.11,7.920818753952375
CHEMBL199572,active,CN(C(=O)c1ccc(-c2ccccc2)cc1)c1ccccc1C(=O)O,4.646520000000002,2.0,4.0,5.0,71.45,3.6989700043360187
CHEMBL199575,active,CN(C(=O)c1ccc2ccccc2c1)c1ccccc1C(=O)O,5.536520000000002,2.0,4.0,5.0,71.45,3.6989700043360187
CHEMBL3694253,active,CCCNC(=O)c1ccc(-n2c(C)cc3ccccc32)s1,4.4772000000000025,2.0,4.0,5.0,71.45,4.522878745280337
CHEMBL973,inactive,C/C(O)=C(\C#N)C(=O)Nc1ccc(C(F)(F)F)cc1,4.166100000000002,2.0,4.0,2.0,63.83,5.300000202445418
CHEMBL219648,active,O=C(O)c1c(O)c(-c2ccc(-c3ccccc3)cc2)nc2ccccc12,6.037200000000004,1.0,5.0,5.0,51.22,8.0
CHEMBL1373924,active,COc1cccc(C(=O)Nc2nc3ccccc3s2)c1,7.036800000000006,1.0,5.0,5.0,51.22,5.165579296318468
CHEMBL2178109,inactive,O=C(Nc1nc2ccccc2s1)c1ccc(Cl)cc1Cl,6.3974000000000055,1.0,5.0,6.0,51.22,5.73754891026957
CHEMBL2178107,inactive,Oc1ccc(/C=N/c2cccc3ccccc23)c(O)c1,7.7553000000000045,1.0,6.0,8.0,60.45,6.107905397309519
CHEMBL1957372,inactive,N#Cc1c(-c2ccc(-c3cncnc3)cc2)nc2ccncc2c1O,2.871200000000001,2.0,4.0,1.0,70.67,5.00436480540245
CHEMBL305002,active,CC(C)(C)c1oncc1/C(S)=N/c1ccc(C(F)(F)F)cc1,5.215500000000003,2.0,4.0,6.0,71.45,4.301029995663981
CHEMBL119676,active,N#Cc1c(-c2cccs2)n[nH]c1Nc1ccc(C(F)(F)F)cc1,5.399900000000003,2.0,4.0,6.0,71.45,4.301029995663981
CHEMBL1784555,inactive,CCCc1ccc(Nc2cc(C)nc3ncnn23)cc1,3.0840200000000006,1.0,6.0,3.0,63.31,4.0
CHEMBL3289672,active,Cc1cc(Nc2cc(F)c(C(F)(F)F)c(F)c2)n2nc(C(F)(F)F)nc2n1,5.675620000000002,2.0,4.0,5.0,71.45,5.795880017344075
CHEMBL3289670,active,Cc1cc(Nc2ccc(C(F)(F)F)c(F)c2)n2nc(C(C)(F)F)nc2n1,5.8872000000000035,2.0,4.0,7.0,71.45,4.346787486224656
CHEMBL2263640,active,CCc1cnc(Nc2c(F)cc(-c3cccc(OC)c3)cc2F)c(C(=O)O)c1,5.853620000000004,1.0,2.0,3.0,50.19,7.920818753952375
CHEMBL38434,inactive,Cc1c(-c2ccc(-c3ccccc3F)cc2)nc2ccc(F)cc2c1C(=O)O,4.306820000000002,1.0,5.0,3.0,55.11,7.920818753952375
CHEMBL2177855,active,Cc1cc(O)n2nc(SCc3ccccc3[N+](=O)[O-])nc2n1,5.039600000000004,2.0,4.0,6.0,71.45,5.022276394711152
CHEMBL2177861,active,CCc1cc(O)n2nc(SCc3cc(Cl)ccc3Cl)nc2n1,4.4772000000000025,2.0,4.0,5.0,71.45,7.886056647693163
CHEMBL2263626,inactive,Cc1ccccc1-c1cc(F)c(Nc2ncccc2C(=O)O)c(F)c1,3.1183000000000014,1.0,4.0,3.0,46.92,7.958607314841775
CHEMBL3677793,inactive,Nc1nnc(-c2cccc3[nH]c(-c4ccc(-c5ccccc5)cc4)nc23)s1,3.2079000000000013,1.0,5.0,4.0,55.4,4.798602875679548
CHEMBL3677831,inactive,Cc1cc(C(=O)O)c2nc(-c3ccc(-c4cnccn4)cc3)[nH]c2c1,3.586140000000002,1.0,5.0,6.0,55.4,5.073143291050307
CHEMBL1929433,inactive,CC/C(O)=C(\C#N)C(=O)Nc1ccc(OS(=O)(=O)C(F)(F)F)c(C(=O)OC)c1,3.905500000000001,1.0,5.0,2.0,55.11,7.031517051446065
CHEMBL1929434,active,CC/C(O)=C(\C#N)C(=O)Nc1ccc(-c2ccccc2)c(C(=O)OC)c1,4.807240000000004,2.0,3.0,4.0,62.22,7.136677139879544
CHEMBL1929448,active,CCOc1cccc(-c2ccc(NC(=O)/C(C#N)=C(\O)CC)cc2C(=O)OC)c1,4.777020000000002,2.0,3.0,4.0,62.22,7.229147988357855
CHEMBL4293416,active,COC(=O)/C(C#N)=C1\SCCN1c1ccccc1F,0.5027999999999999,5.0,5.0,5.0,149.26999999999998,5.0
CHEMBL4280280,active,O=C1CSC(=S)N1c1ccc(C(F)(F)F)cc1,0.6372000000000007,5.0,5.0,5.0,149.26999999999998,5.0
CHEMBL218467,active,CCOC(=O)C(=CNc1ccc2sc3ccccc3c2c1)C(=O)OCC,4.8240200000000035,2.0,4.0,3.0,66.63,4.522878745280337
CHEMBL3674658,active,Cc1ccc(Nc2cnc(-c3ccccc3F)c(C)c2)c(C(=O)O)c1,3.358480000000001,2.0,6.0,5.0,112.30999999999999,8.301029995663981
CHEMBL1784557,inactive,CCCCCc1ccc(Nc2cc(C)nc3ncnn23)cc1,2.9693200000000006,2.0,2.0,1.0,65.97999999999999,4.0
CHEMBL3931872,active,Cc1ccc(/C=N/N(C)c2nc(-c3ccccc3)c(C)s2)c(C(=O)O)c1,6.963220000000004,1.0,3.0,5.0,59.42,7.853871964321762
CHEMBL1784577,active,Cc1cc(Nc2cc(F)c(C(F)(F)F)c(F)c2)n2ncnc2n1,4.7554000000000025,2.0,4.0,5.0,71.45,4.522878745280337
CHEMBL1784575,active,Cc1cc(Nc2ccc(Cl)c(F)c2)n2ncnc2n1,4.785620000000002,2.0,4.0,5.0,71.45,4.301029995663981
CHEMBL1784713,active,FC(F)(F)c1ccc(Nc2cc(Cl)nc3ncnn23)cc1,3.994500000000002,2.0,6.0,7.0,86.02,4.0
CHEMBL3677729,active,Cn1c(-c2ccc(-c3ccccc3)cc2)nc2cccc(C(=O)O)c21,4.942600000000004,1.0,2.0,5.0,50.19,5.795880017344075
CHEMBL3677771,inactive,Cc1cc(C(=O)O)c2nc(-c3c(F)c(F)c(-c4cccc(NC(=O)C5CCCN5)c4)c(F)c3F)[nH]c2c1,2.8059400000000014,1.0,5.0,4.0,55.4,6.088842391260023
CHEMBL3677778,inactive,Cc1cc(C(=O)O)c2nc(-c3ccc(-c4ccccc4)cc3)n(CCO)c2c1,2.9792000000000014,1.0,4.0,3.0,46.92,5.319755162957392
CHEMBL3677789,active,Cc1cc(C(=O)O)c2[nH]c(-c3c(F)c(F)c(-c4cccc(O)c4)c(F)c3F)nc2c1,6.445820000000005,2.0,3.0,5.0,69.22,7.8696662315049934
CHEMBL3677809,active,O=C(O)c1cccc2nc(-c3c(F)c(F)c(-c4cccs4)c(F)c3F)[nH]c12,5.290600000000001,2.0,2.0,3.0,65.97999999999999,6.301029995663981
CHEMBL2263635,active,O=C([O-])c1ccncc1Nc1ccc(-c2cccc(OC(F)(F)F)c2)cc1F.[Li+],7.0389200000000045,2.0,3.0,6.0,75.21000000000001,6.698970004336019
CHEMBL3677727,inactive,COc1cccc(-c2ccc(-c3nc4c(C(=O)O)cccc4[nH]3)c(F)c2)c1,1.9050199999999993,1.0,7.0,2.0,73.57,6.434152181326482
CHEMBL3677731,inactive,O=C(O)c1cccc2[nH]c(-c3ccc(Oc4ccccc4)cc3)nc12,3.225500000000001,1.0,3.0,3.0,59.42,5.542118103266008
CHEMBL3677739,inactive,O=C(O)c1cccc2nc(-c3ccc(-c4ccccc4F)cc3F)[nH]c12,3.9541000000000035,2.0,2.0,5.0,49.33,6.015472686656207
CHEMBL3677751,inactive,COc1cc(-c2ccccc2)ccc1-c1nc2c(C(=O)O)cc(C)cc2[nH]1,3.4464000000000032,3.0,3.0,6.0,69.56,5.928117992693875
CHEMBL345685,active,O=C(O)C1=C(C(=O)Nc2ccc(-c3cccc(O)c3)cc2F)CCC1,5.853620000000004,1.0,2.0,3.0,50.19,6.214670164989233
CHEMBL2385720,active,O=C(O)c1cc(-c2ccc(F)cc2)nc2ccc(Cl)cc12,5.470320000000004,1.0,3.0,3.0,55.12,5.795880017344075
CHEMBL2385715,active,CCCOc1ccc(-c2cc(C(=O)O)c3cc(Cl)ccc3n2)cc1,5.470320000000004,1.0,3.0,3.0,55.12,6.585026652029182
CHEMBL218169,active,O=C(O)c1c(O)c(-c2ccc(Oc3ccccc3)cc2)nc2ccccc12,5.599020000000002,2.0,2.0,3.0,65.97999999999999,8.154901959985743
CHEMBL218052,active,O=C(O)c1c(O)c(-c2ccc(Cl)cc2)nc2ccc(OC(F)(F)F)cc12,5.738120000000002,2.0,2.0,3.0,65.97999999999999,5.3979400086720375
CHEMBL384543,active,O=C(O)c1c(O)c(-c2ccc(Cl)cc2)nc2c(Cl)cccc12,1.1510000000000005,5.0,5.0,6.0,149.26999999999998,3.85078088734462
CHEMBL219364,inactive,O=C(O)c1c(O)c(-c2ccc(Cl)cc2)nc2c(C(F)(F)F)cccc12,3.225200000000002,1.0,4.0,3.0,46.92,3.8664610916297826
CHEMBL413583,inactive,CCOC(=O)C(=CNc1ccccc1C)C(=O)OCC,3.616900000000002,1.0,4.0,5.0,46.92,3.534319788401722
CHEMBL2178104,active,O=Cc1ccccc1/C=N/Nc1nc(-c2ccccc2)cs1,5.853620000000004,1.0,2.0,3.0,50.19,6.958607314841775
CHEMBL3690109,inactive,CCCNC(=O)c1ccc(N2CCN(C)CC2)s1,4.043800000000003,2.0,2.0,6.0,58.2,4.522878745280337
CHEMBL3908781,inactive,NCCO.O=C(O)c1[nH]c(=O)[nH]c(=O)c1CCc1cnc2ccccc2c1,3.0551200000000005,1.0,5.0,2.0,55.11,5.585026652029182
CHEMBL3973700,inactive,COc1ccc2c(CCc3c(C(=O)O)[nH]c(=O)[nH]c3=O)cccc2c1.NCCO,2.2423199999999994,1.0,6.0,3.0,58.35,7.692503962086787
CHEMBL3936361,inactive,COCOc1ccc2ccc(CCc3c(C(=O)O)[nH]c(=O)[nH]c3=O)cc2c1.NCCO,5.260900000000003,2.0,2.0,5.0,49.33,7.501689446210399
CHEMBL3938624,inactive,COC(=O)c1ccc2cc(CCCCc3c(C(=O)O)[nH]c(=O)[nH]c3=O)ccc2c1.NCCO,2.7038200000000003,1.0,5.0,2.0,72.18,7.283162276700476
CHEMBL3983745,active,NCCO.NCCO.O=C(O)c1ccc2cc(CCCCc3c(C(=O)O)[nH]c(=O)[nH]c3=O)ccc2c1,4.742800000000003,2.0,3.0,4.0,75.21000000000001,5.705093089394808
CHEMBL3920594,active,CCc1ccc(CCc2c(C(=O)O)[nH]c(=O)[nH]c2=O)cc1.NCCO,5.200460000000002,2.0,3.0,3.0,70.91,6.304518323509803
CHEMBL3986776,active,NCCO.O=C(O)c1[nH]c(=O)[nH]c(=O)c1CCc1ccc(OC(F)(F)F)cc1,0.781500000000001,5.0,5.0,5.0,149.26999999999998,7.084072788302884
CHEMBL3926494,inactive,COC(=O)c1ccccc1CCc1c(C(=O)O)[nH]c(=O)[nH]c1=O.NCCO,4.027000000000001,2.0,4.0,2.0,63.83,6.0
CHEMBL3944370,inactive,NCCO.NCCO.O=C(O)c1ccc(CCc2c(C(=O)O)[nH]c(=O)[nH]c2=O)cc1,2.30722,1.0,6.0,3.0,69.1,6.6020599913279625
CHEMBL3674676,active,Cc1ccc(Nc2ccc(-c3c(F)ccc(F)c3F)nc2)c(C(=O)O)c1,4.486620000000004,0.0,6.0,6.0,62.06,7.113509274827518
CHEMBL3639766,active,Cc1cc(C(=O)O)c2nc(-c3c(F)c(F)c(-c4ccccc4F)c(F)c3F)[nH]c2c1,5.609200000000005,1.0,5.0,5.0,51.22,8.455931955649724
CHEMBL3677825,inactive,Cc1cc(C(=O)O)c2nc(-c3c(F)c(F)c(-c4cccnc4)c(F)c3F)[nH]c2c1,2.5234000000000005,2.0,3.0,3.0,62.22,7.494850021680094
CHEMBL1784567,inactive,Cc1cc(Nc2ccc(S(F)(F)(F)(F)F)cc2)n2ncnc2n1,4.409200000000004,2.0,2.0,6.0,58.2,4.0
CHEMBL1784566,active,Cc1cc(Nc2ccc(SC(F)(F)F)cc2)n2ncnc2n1,5.536520000000002,2.0,4.0,5.0,71.45,4.301029995663981
CHEMBL3984707,active,NCCO.O=C(O)c1[nH]c(=O)[nH]c(=O)c1CCc1ccc(F)c(F)c1,4.6091200000000025,3.0,3.0,3.0,86.21000000000001,5.301029995663981
CHEMBL3976207,inactive,CC(C)(C)OC(=O)N1CCc2cc(CCc3c(C(=O)O)[nH]c(=O)[nH]c3=O)ccc21.NCCO,4.289000000000003,2.0,3.0,7.0,67.43,6.410050398674292
CHEMBL3929601,inactive,COC(=O)c1ccc(CCCCc2c(C(=O)O)[nH]c(=O)[nH]c2=O)cc1.NCCO,3.338000000000002,1.0,6.0,4.0,63.31,6.36251027048749
CHEMBL300058,inactive,Cc1c(-c2ccc(-c3ccccc3F)cc2)nc2ccc(F)cc2c1C(=O)[O-].[Na+],3.9576200000000012,1.0,5.0,2.0,55.11,7.823908740944319
CHEMBL3290833,active,CCc1ccc2nc(C(=O)Nc3c(F)cc(-c4cccc(F)c4)cc3F)c(C)c(O)c2c1,6.045700000000003,1.0,3.0,4.0,59.42,5.493494967595128
CHEMBL3290843,inactive,CCOc1ccc2nc(C(=O)Nc3c(F)cc(-c4cccc(F)c4)cc3F)c(C)c(C(=O)O)c2c1,5.769200000000003,0.0,4.0,3.0,52.08,5.548213564475709
CHEMBL3410576,inactive,CC(=O)c1sc(Nc2ccc3ccccc3c2)nc1C,4.697200000000003,2.0,2.0,6.0,58.2,6.250263684430939
CHEMBL2431499,active,CCOC(=O)C1=C(Nc2ccc3c(c2)CCCC3)OCC1=O,4.730400000000003,1.0,5.0,5.0,51.22,4.301029995663981
CHEMBL2431500,inactive,CCOC(=O)C1=C(Nc2ccc3c(c2)CCC3)OCC1=O,5.987900000000003,2.0,6.0,6.0,80.32,4.301029995663981
CHEMBL2431486,inactive,Cc1ccc(NC2=C(C(=O)NC3CC3)C(=O)CS2)cc1C,4.028740000000003,2.0,6.0,6.0,80.32,5.386263858738129
CHEMBL2431515,inactive,CCOC(=O)C1=C(Nc2ccc3ccccc3c2)SCC1=O,3.3054000000000014,2.0,4.0,5.0,58.2,4.301029995663981
CHEMBL1957381,inactive,Cc1cc(-c2ccc(-c3nc4ccncc4c(O)c3C#N)cc2)ccn1,3.4959000000000016,1.0,5.0,4.0,55.4,5.00436480540245
CHEMBL2177494,inactive,Cc1ccc(C)c(/N=C/c2cccc(O)c2O)c1,2.0206999999999997,1.0,6.0,4.0,77.52000000000001,4.750801642608887
CHEMBL1956472,inactive,CCOc1nc2nc(C)cc(Nc3ccc(C(F)(F)F)cc3)n2n1,4.080120000000002,1.0,4.0,3.0,46.92,4.0
CHEMBL1956471,inactive,CCOc1nc2nc(C)cc(Nc3ccc(Cl)cc3)n2n1,4.6075000000000035,2.0,2.0,5.0,49.33,4.0
CHEMBL475813,active,Cc1cc(Nc2ccc3ccccc3c2)n2ncnc2n1,-0.06847999999999888,5.0,5.0,5.0,149.26999999999998,3.6989700043360187
CHEMBL2385721,active,Cc1ccc(-c2cc(C(=O)O)c3cc(Cl)ccc3n2)cc1,6.734800000000004,2.0,3.0,6.0,62.22,5.229147988357856
CHEMBL2263633,active,CCOc1cccc(-c2ccc(Nc3cnccc3C(=O)[O-])c(F)c2)c1.[Li+],4.520640000000003,2.0,4.0,4.0,65.46000000000001,7.721017883134556
CHEMBL2263639,active,COc1cccc(-c2cc(F)c(Nc3ncccc3C(=O)O)cc2C)c1,6.095200000000004,2.0,4.0,6.0,71.45,7.0040140020862
CHEMBL2263636,active,Cc1cnc(Nc2ccc(-c3cccc(OC(F)(F)F)c3)cc2F)c(C(=O)O)c1,4.525020000000003,1.0,5.0,4.0,51.22,6.959002307576509
CHEMBL2263628,active,COc1cccc(-c2cc(F)c(Nc3ncccc3C(=O)O)cc2F)c1,5.8007000000000035,1.0,5.0,7.0,65.79,7.056011124926228
CHEMBL3410611,active,CCOC(=O)c1sc(Nc2ccc3cc4ccccc4cc3c2)nc1-c1ccccc1,0.6458000000000004,5.0,6.0,6.0,158.5,6.343901797987168
CHEMBL3410612,active,CCOC(=O)c1sc(Nc2ccc(-c3ccccc3)cc2)nc1-c1ccccc1,0.05300000000000166,8.0,8.0,9.0,232.81999999999994,5.0
CHEMBL3410619,active,CCOC(=O)c1sc(Nc2ccc(OCc3c(F)cccc3Cl)c(Cl)c2)nc1-c1ccccc1,-1.2668999999999986,5.0,10.0,5.0,206.27999999999997,5.0
CHEMBL222556,active,O=c1cc(-c2ccc(O)c(O)c2)oc2ccccc12,-1.2668999999999984,5.0,10.0,5.0,206.27999999999997,4.907279355315901
CHEMBL2263637,inactive,COc1cccc(-c2ccc(Nc3ncc(C4CC4)cc3C(=O)O)c(F)c2)c1,3.382200000000001,2.0,5.0,3.0,73.06,7.482012796974922
CHEMBL2263645,active,O=C(O)c1cc(C2CC2)cnc1Nc1c(F)cc(-c2cccc(OC3CC3)c2)cc1F,5.429700000000001,2.0,2.0,3.0,65.97999999999999,8.221993538576491
CHEMBL38434,active,Cc1c(-c2ccc(-c3ccccc3F)cc2)nc2ccc(F)cc2c1C(=O)O,5.290600000000001,2.0,2.0,3.0,65.97999999999999,8.744727494896694
CHEMBL38434,inactive,Cc1c(-c2ccc(-c3ccccc3F)cc2)nc2ccc(F)cc2c1C(=O)O,2.20378,0.0,5.0,2.0,70.39999999999999,8.522878745280337
CHEMBL3289671,active,Cc1cc(Nc2cc(F)c(C(F)(F)F)c(F)c2)n2nc(C(C)(F)F)nc2n1,6.244600000000003,2.0,4.0,6.0,71.45,5.6777807052660805
CHEMBL1738786,active,Cc1cc(Nc2ccc(C(F)(F)F)cc2)n2nc(C(C)(F)F)nc2n1,5.721200000000004,2.0,3.0,5.0,62.22,4.0
CHEMBL2263640,active,CCc1cnc(Nc2c(F)cc(-c3cccc(OC)c3)cc2F)c(C(=O)O)c1,5.116200000000003,2.0,4.0,5.0,75.11,7.921180816901152
CHEMBL2263643,inactive,O=C(O)c1cccnc1Nc1c(F)cc(-c2cccc(OC3CC3)c2)cc1F,3.737420000000001,1.0,6.0,3.0,63.31,7.769040444251431
CHEMBL3817894,inactive,CCCCOc1cccc(-c2cc(C(=O)O)c3ccccc3n2)c1,3.1931200000000013,1.0,6.0,3.0,63.31,5.882728704344236
CHEMBL3410599,inactive,CCOC(=O)c1sc(Nc2ccc(Cl)cc2)nc1-c1ccccc1,2.739040000000001,1.0,6.0,3.0,63.31,6.621602099051862
CHEMBL3410589,active,CCOC(=O)c1sc(Nc2ccc(C)c(F)c2)nc1C1CC1,5.2059400000000045,2.0,4.0,6.0,71.45,6.1904402853647325
CHEMBL2012941,active,O=C(NC1CC1)c1ccc(-n2c(C(F)(F)F)nc3ccccc32)s1,5.481600000000002,2.0,4.0,5.0,75.11,4.522878745280337
CHEMBL2431508,active,CCOC(=O)C1=C(Nc2cccc(C(F)(F)F)c2)SCC1=O,6.730500000000004,2.0,3.0,6.0,75.21000000000001,4.301029995663981
CHEMBL2431480,inactive,CCCCOC(=O)C1=C(Nc2ccc(C)c(C)c2)SCC1=O,3.986600000000003,2.0,4.0,5.0,87.9,4.301029995663981
CHEMBL1784712,inactive,FC(F)(F)c1ccc(Nc2cc(C(F)(F)F)nc3ncnn23)cc1,3.935220000000003,2.0,4.0,4.0,104.97,4.0
CHEMBL3674646,active,Cc1ccc(Nc2cnc(-c3ccccc3)c(C)c2)c(C(=O)O)c1,4.616300000000002,2.0,4.0,5.0,71.45,7.275724130399211
CHEMBL3674678,active,Cc1ccc(Nc2ccc(-c3ccc(F)cc3F)nc2)c(C(=O)O)c1,5.853620000000004,1.0,2.0,3.0,50.19,6.835647144215563
CHEMBL3674653,inactive,Cc1ccc(Nc2cnc(-c3cccc(C(=O)N(C)C)c3)c(C)c2)c(C(=O)O)c1,3.797740000000003,1.0,3.0,6.0,51.32000000000001,7.481486060122112
CHEMBL3674677,active,COc1ccc(F)cc1-c1ncc(Nc2ccc(C)cc2C(=O)O)cc1C,4.662000000000003,1.0,3.0,3.0,63.08,7.337242168318426
CHEMBL437480,active,Cc1cc(Nc2ccc(C)c(C(F)(F)F)c2)n2ncnc2n1,4.670600000000004,1.0,4.0,4.0,72.31,4.0
CHEMBL3910083,active,NCCO.O=C(O)c1[nH]c(=O)[nH]c(=O)c1CCc1cccc(Cl)c1,5.623820000000005,1.0,3.0,3.0,63.08,5.590066876668706
CHEMBL3899009,active,NCCO.O=C(O)c1[nH]c(=O)[nH]c(=O)c1CCc1cccc(C(F)(F)F)c1,0.6199000000000003,5.0,7.0,8.0,167.73,6.546681659952962
CHEMBL3908568,inactive,COc1ccccc1CCc1c(C(=O)O)[nH]c(=O)[nH]c1=O.NCCO,3.5581200000000006,2.0,4.0,2.0,66.49000000000001,5.301029995663981
CHEMBL3984245,inactive,NCCO.O=C(O)c1[nH]c(=O)[nH]c(=O)c1CCc1ccc2ccccc2c1,4.259720000000002,2.0,2.0,2.0,49.33,7.336299074610352
CHEMBL4165923,inactive,Cc1cccc2c(C(=O)Nc3c(F)c(F)c(-c4ccccc4)c(F)c3F)c(O)nn12,3.3538200000000016,0.0,5.0,2.0,46.32,8.366531544420413
CHEMBL4173846,active,O=C(Nc1c(F)c(F)c(-c2ccccc2)c(F)c1F)c1c(O)nn2ccccc12,4.701340000000004,2.0,5.0,4.0,75.86,8.920818753952375
CHEMBL1929444,active,CC/C(O)=C(\C#N)C(=O)Nc1ccc(-c2ccc(F)nc2)c(C(=O)OC)c1,5.853620000000004,1.0,2.0,3.0,50.19,6.823908740944319
CHEMBL3677738,inactive,O=C(O)c1cccc2[nH]c(-c3c(F)c(F)c(-c4ccccc4)c(F)c3F)nc12,4.419220000000003,1.0,2.0,2.0,33.120000000000005,7.42021640338319
CHEMBL3677753,inactive,O=C(O)c1cc(Cl)cc2c1N=C(c1ccc(-c3ccccc3)cc1)C2,3.195120000000001,1.0,5.0,2.0,55.11,5.634512015109101
CHEMBL3677769,active,Cc1cc(C(=O)O)c2nc(C#Cc3ccccc3)[nH]c2c1,0.42380000000000045,5.0,7.0,6.0,175.57,4.942714355581785
CHEMBL3677785,active,Cc1cc(C(=O)O)c2[nH]c(-c3c(F)c(F)c(-c4ccccc4OCc4ccccc4)c(F)c3F)nc2c1,4.824020000000003,2.0,4.0,3.0,66.63,7.221848749616356
CHEMBL2385512,active,Cc1cc(Oc2ccccc2)c(C(C)C)cc1-c1cc(C(=O)O)c2cc(F)ccc2n1,4.392920000000003,2.0,5.0,4.0,75.86,9.0
CHEMBL2263625,inactive,COc1cccc(-c2c(F)c(F)c(Nc3ncccc3C(=O)O)c(F)c2F)c1,4.093200000000003,2.0,2.0,5.0,49.33,8.523023534240473
CHEMBL2263638,inactive,COc1cccc(-c2cc(F)c(Nc3ncc(C)cc3C(=O)O)c(F)c2)c1,3.446400000000003,3.0,3.0,6.0,69.56,7.921180816901152
CHEMBL3290845,inactive,Cc1c(C(=O)Nc2c(F)cc(-c3cccc(F)c3)cc2F)nc2ccc(OC(F)(F)F)cc2c1C(=O)O,2.5938800000000004,0.0,5.0,4.0,70.39999999999999,5.823908740944319
CHEMBL3900235,inactive,O=C(O)c1ccccc1/C=N/N(CCO)c1nc(-c2ccccc2Cl)cs1,2.9839800000000016,0.0,5.0,5.0,70.39999999999999,6.371611069949688
CHEMBL3410586,inactive,CCOC(=O)c1sc(Nc2ccc(C)c(C)c2)nc1NC(=O)c1ccccc1,1.72298,0.0,6.0,2.0,83.28999999999999,5.044408449594275
CHEMBL3818502,inactive,CCCCc1ccc(-c2cc(C(=O)O)c3ccccc3n2)cc1,2.8277800000000006,0.0,5.0,2.0,70.39999999999999,6.3598168080786595
CHEMBL2431510,inactive,CCOC(=O)C1=C(Nc2ccc(C)c(C)c2)SCC1=O,4.317800000000002,2.0,6.0,4.0,77.24,4.301029995663981
CHEMBL2012824,active,O=C(NC1CC1)c1ccc(-n2cnc3ccccc32)s1,4.365220000000003,0.0,5.0,6.0,52.83,4.522878745280337
CHEMBL3677768,active,Cc1cc(C(=O)O)c2nc(-c3c(F)c(F)c(-c4ccc(CN5CCCCC5)cc4)c(F)c3F)[nH]c2c1,5.449920000000003,0.0,5.0,6.0,49.17,7.107905397309519
CHEMBL3677810,active,O=C(O)c1cccc2nc(-c3c(F)c(F)c(-c4cccc(F)c4)c(F)c3F)[nH]c12,6.0866000000000025,2.0,3.0,5.0,62.22,7.549750891680639
CHEMBL3677812,inactive,Cc1cc(C(=O)O)c2nc(-c3c(F)c(F)c(-c4ccc(OCc5ccccc5)cc4)c(F)c3F)[nH]c2c1,2.625700000000001,1.0,5.0,4.0,64.63,7.318758762624412
CHEMBL1784579,active,Cc1cc(Nc2ccc3c(c2)OCO3)n2ncnc2n1,3.9634800000000023,2.0,5.0,5.0,99.42,4.0
CHEMBL3891124,active,O=C(O)c1cccnc1Oc1ccc(Cl)cc1,4.241680000000002,2.0,5.0,5.0,99.42,4.698970004336019
CHEMBL3218512,inactive,O=C(NCC(c1ccccc1)c1ccccc1)c1ccccc1O,4.140220000000003,1.0,3.0,4.0,34.03,3.6989700043360187
CHEMBL3218527,inactive,O=C(NCC(c1ccccc1)c1ccccc1)c1cccc(CO)c1O,2.8367000000000013,1.0,4.0,3.0,46.92,3.6989700043360187
CHEMBL38434,inactive,Cc1c(-c2ccc(-c3ccccc3F)cc2)nc2ccc(F)cc2c1C(=O)O,6.347220000000003,1.0,5.0,5.0,55.11,8.0
CHEMBL1957371,inactive,N#Cc1c(-c2ccc(-c3cn[nH]c3)cc2)nc2ccncc2c1O,4.708620000000003,1.0,5.0,4.0,55.11,5.00436480540245
CHEMBL3677757,inactive,O=C(O)c1cccc2[nH]c(-c3ccc(Oc4c(F)cccc4F)cc3)nc12,3.000300000000002,2.0,2.0,5.0,58.2,5.804100347590766
CHEMBL3677808,active,Cc1cc(C(=O)O)c2c(c1)nc(-c1c(F)c(F)c(-c3ccccc3)c(F)c1F)n2C,5.853620000000004,1.0,2.0,3.0,50.19,8.522878745280337
CHEMBL3677811,inactive,Cc1cc(C(=O)O)c2[nH]c(-c3c(F)c(F)c(-c4cccc(F)c4)c(F)c3F)nc2c1,3.6373200000000017,1.0,6.0,4.0,64.34,8.05256627811295
CHEMBL3677830,inactive,Cc1cc(C(=O)O)c2nc(-c3c(F)c(F)c(-c4cc(F)cc(F)c4)c(F)c3F)[nH]c2c1,3.614020000000002,1.0,6.0,3.0,69.1,7.6777807052660805
CHEMBL3974614,inactive,NCCO.O=C(O)c1[nH]c(=O)[nH]c(=O)c1CCc1ccc(-c2ccccc2)cc1,5.852520000000002,1.0,5.0,3.0,55.11,9.013228265733755
CHEMBL2012823,inactive,CC(C)NC(=O)c1ccc(-n2cnc3ccccc32)s1,4.306820000000002,1.0,5.0,3.0,55.11,4.522878745280337
CHEMBL2012826,active,CCCCNC(=O)c1ccc(-n2cnc3ccccc32)s1,4.861920000000003,3.0,3.0,4.0,95.08000000000001,4.522878745280337
CHEMBL3900161,active,O=C(CCCNC(=O)c1ccc(Cl)cc1)N[C@@H]1CCCc2ccccc21,2.99948,2.0,3.0,2.0,73.11999999999999,4.698970004336019
CHEMBL1784578,active,Cc1cc(Nc2ccc3c(c2)CCCC3)n2ncnc2n1,-0.20757999999999865,5.0,5.0,5.0,149.26999999999998,4.0
CHEMBL582694,active,Cc1cc(Nc2ccc(N(C)C)cc2)n2ncnc2n1,4.4772000000000025,2.0,4.0,5.0,71.45,4.0
CHEMBL3218518,active,O=C(NCC(c1ccccc1)c1ccccc1)c1cc(Cl)cc(Cl)c1O,4.646520000000002,2.0,4.0,5.0,71.45,3.6989700043360187
CHEMBL3677727,active,COc1cccc(-c2ccc(-c3nc4c(C(=O)O)cccc4[nH]3)c(F)c2)c1,5.340200000000003,2.0,4.0,6.0,75.11,6.210419287835575
CHEMBL3677767,active,Cc1cc(C(=O)O)c2[nH]c(-c3c(F)c(F)c(-n4c(C)ccc4C)c(F)c3F)nc2c1,4.897520000000004,2.0,4.0,6.0,71.45,8.2518119729938
CHEMBL3892598,active,CC(C)(C)c1ccc(CCc2c(C(=O)O)[nH]c(=O)[nH]c2=O)cc1.NCCO,2.99948,2.0,3.0,2.0,73.11999999999999,7.774690718274137
CHEMBL2047247,active,Nc1nc2c(c(Nc3ccc(Cl)cc3)n1)-c1ccccc1C2,0.3869000000000011,6.0,6.0,7.0,178.36999999999998,3.6989700043360187
CHEMBL3290842,inactive,Cc1c(C(=O)Nc2c(F)cc(-c3cccc(F)c3)cc2F)nc2ccc(F)cc2c1C(=O)O,5.232420000000002,1.0,6.0,5.0,64.34,5.33913452199613
CHEMBL3409306,inactive,CCOc1nn(-c2ncc(CC)cn2)c(C)c1Oc1ccccc1Br,3.473320000000001,1.0,5.0,2.0,55.11,6.900008766455316
CHEMBL578185,inactive,NC(=O)c1cccc2[nH]c(-c3ccc(-c4ccccc4)cc3)nc12,2.7931600000000003,1.0,5.0,2.0,55.11,5.008773924307505
CHEMBL2178108,inactive,CC(=O)c1sc(Nc2ccc(C)c(Cl)c2)nc1C,3.962700000000003,2.0,3.0,6.0,58.56,5.404834585209771
CHEMBL3972378,active,O=C(CCCNC(=O)c1ccc(C(F)(F)F)cc1)N[C@@H]1CCCc2ccccc21,5.181720000000002,2.0,2.0,3.0,65.97999999999999,4.698970004336019
CHEMBL2263636,active,Cc1cnc(Nc2ccc(-c3cccc(OC(F)(F)F)c3)cc2F)c(C(=O)O)c1,4.129200000000003,2.0,3.0,3.0,78.86999999999999,6.958607314841775
CHEMBL3677782,active,Cc1cc(C(=O)O)c2c(c1)nc(-c1ccc(-c3ccc(O)cc3)cc1)n2CCO,5.2001000000000035,2.0,1.0,3.0,53.089999999999996,5.668572703479257
CHEMBL3677802,active,Cc1cc(C(=O)O)c2nc(-c3ccc(-c4ccc(O)cc4)cc3)[nH]c2c1,4.595100000000003,2.0,2.0,3.0,65.97999999999999,6.455931955649724
CHEMBL3951514,active,O=C(CCCNC(=O)c1ccc(OC(F)(F)F)cc1)N[C@@H]1CCCc2ccccc21,4.903520000000003,2.0,2.0,3.0,65.97999999999999,4.698970004336019
CHEMBL13380,active,Cc1cc(Nc2ccc(Br)c(C(F)(F)F)c2)n2ncnc2n1,5.150420000000003,4.0,4.0,5.0,107.10999999999999,4.0
CHEMBL4226738,inactive,COC(=O)c1cc(-c2ccc(-c3cnccc3C(F)(F)F)cc2)nc2ccccc12,2.32798,0.0,5.0,2.0,70.39999999999999,4.301029995663981
CHEMBL3187511,active,O=C(CCCNC(=O)c1ccc(Cl)c(Cl)c1)N[C@@H]1CCCc2ccccc21,4.771100000000002,1.0,5.0,5.0,65.79,4.698970004336019
CHEMBL3410608,inactive,CCOC(=O)c1sc(Nc2ccc3c(c2)OCO3)nc1-c1ccccc1,3.3977200000000005,1.0,4.0,3.0,41.99,5.955460239607589
CHEMBL3410597,inactive,CCOC(=O)c1sc(Nc2ccccc2)nc1-c1ccccc1,4.861920000000003,3.0,3.0,4.0,95.08000000000001,6.105683937315561
CHEMBL3410587,active,CCOC(=O)c1sc(Nc2ccc(Cl)c(C(F)(F)F)c2)nc1NC(=O)c1ccccc1,0.766899999999999,1.0,6.0,6.0,83.51,5.0
CHEMBL2431492,inactive,CCCNC(=O)C1=C(Nc2ccc3ccccc3c2)SCC1=O,4.2318000000000024,2.0,3.0,4.0,92.08,4.301029995663981
CHEMBL2431509,inactive,CCOC(=O)C1=C(Nc2cc(Cl)cc(Cl)c2)SCC1=O,4.8605000000000045,2.0,4.0,7.0,84.24,4.301029995663981
CHEMBL2431498,inactive,CCOC(=O)C1=C(Nc2cnc3ccccc3c2)OCC1=O,3.0679000000000016,1.0,5.0,4.0,55.4,4.301029995663981
CHEMBL2431523,inactive,CCCOC(=O)C1=C(Nc2ccc(C)c(C)c2)SCC1=O,2.973,3.0,4.0,3.0,110.68,4.934308271906729
CHEMBL1957462,active,Cc1nn(C)c(C)c1-c1ccc(-c2nc3ccncc3c(O)c2C#N)cc1,5.883600000000004,1.0,5.0,5.0,51.22,5.958607314841775
CHEMBL3941922,inactive,CN(/N=C/c1ccccc1C(=O)O)c1nc(-c2cc(Cl)ccc2Cl)cs1,2.737300000000001,1.0,6.0,4.0,68.28999999999999,7.552841968657781
CHEMBL3922925,inactive,Cc1ccc(/C=N/N(C)c2nc(-c3ccccc3Cl)cs2)c(C(=O)O)c1,3.2600200000000017,1.0,5.0,4.0,55.4,8.096910013008056
CHEMBL3410578,inactive,CCOC(=O)c1sc(Nc2ccc(C)c(C)c2)nc1C,4.6075000000000035,2.0,2.0,5.0,49.33,5.867100230055517
CHEMBL2012827,active,O=C(NC1CCCC1)c1ccc(-n2cnc3ccccc32)s1,5.290600000000001,2.0,2.0,3.0,65.97999999999999,4.522878745280337
CHEMBL3410600,active,CCOC(=O)c1sc(Nc2ccc(C(F)(F)F)cc2)nc1-c1ccccc1,4.314720000000003,4.0,4.0,3.0,106.44,6.38933983691012
CHEMBL2178106,active,CCc1cccc(NC(=O)/C=C/c2ccc(Cl)c(Cl)c2)c1,4.6312200000000034,3.0,5.0,5.0,95.58,6.259637310505756
CHEMBL3677804,active,Cc1cc(C(=O)O)c2nc(-c3ccc(-c4ccc(OCc5ccccn5)cc4)cc3)[nH]c2c1,6.730500000000004,2.0,3.0,6.0,75.21000000000001,5.651695136951839
CHEMBL3908056,active,Cc1cc(CCc2c(C(=O)O)[nH]c(=O)[nH]c2=O)ccc1F.NCCO,5.877520000000005,2.0,4.0,6.0,88.1,6.533132379645891
CHEMBL3978933,active,COc1cccc(CCc2c(C(=O)O)[nH]c(=O)[nH]c2=O)c1.NCCO,5.599020000000002,2.0,2.0,3.0,65.97999999999999,6.014124642691606
CHEMBL3898445,active,COC(=O)c1cccc(CCc2c(C(=O)O)[nH]c(=O)[nH]c2=O)c1.NCCO,5.213000000000001,2.0,3.0,3.0,65.97999999999999,6.11690664142431
CHEMBL3674633,inactive,O=C(O)c1cc(C2CC2)ccc1Nc1cnc(-c2ccccc2)c(-c2ccccc2)c1,6.545100000000005,1.0,6.0,7.0,60.45,8.0
CHEMBL3674637,active,Cc1ccc(Nc2cnc(N3CCCCCC3)c(C)c2)c(C(=O)O)c1,5.675620000000002,2.0,4.0,5.0,71.45,6.924453038607469
CHEMBL3674661,active,COc1cccc(-c2ncc(Nc3ccc(C4CC4)cc3C(=O)O)cc2C(F)(F)F)c1,2.99948,2.0,3.0,2.0,73.11999999999999,8.154901959985743
CHEMBL3410581,active,CCOC(=O)c1sc(Nc2ccc3ccccc3c2)nc1C,5.076400000000004,2.0,4.0,6.0,71.45,6.052076380168273
CHEMBL3928205,active,CCC(C)N(/N=C/c1ccccc1C(=O)O)c1nc(-c2ccccc2Cl)cs1,4.1305400000000025,2.0,4.0,4.0,65.46000000000001,7.619788758288394
CHEMBL3677726,active,O=C(O)c1cccc2[nH]c(-c3ccc(OCc4ccccc4)cc3)nc12,5.036620000000004,2.0,4.0,6.0,71.45,5.305394801066432
CHEMBL3677761,active,O=C(O)c1cccc2nc(-c3ccc(-c4c(F)cccc4F)cc3)[nH]c12,4.637920000000003,2.0,3.0,4.0,62.22,5.735182176990463
CHEMBL3935254,active,COc1cc2ccccc2cc1CCc1c(C(=O)O)[nH]c(=O)[nH]c1=O.NCCO,4.771220000000003,2.0,4.0,5.0,75.11,7.400116927926312
CHEMBL3927463,active,COC(=O)c1ccc(-n2cc(-c3c(C(=O)O)[nH]c(=O)[nH]c3=O)nn2)cc1.NCCO,-0.1708999999999964,6.0,8.0,9.0,198.67999999999998,6.0762380391713
CHEMBL3980064,active,COC(=O)c1ccccc1-n1cc(-c2c(C(=O)O)[nH]c(=O)[nH]c2=O)nn1.NCCO,4.594020000000002,4.0,4.0,5.0,107.10999999999999,6.301029995663981
CHEMBL2047251,active,COc1cccc(Nc2nc(N)nc3c2-c2ccccc2C3)c1,4.815840000000003,2.0,4.0,5.0,71.45,3.6989700043360187
CHEMBL3677775,inactive,Cc1cc(C(=O)O)c2nc(-c3ccc(-c4ccc(NC(=O)C5CCNCC5)cc4)cc3)[nH]c2c1,3.3908000000000005,2.0,3.0,3.0,84.66000000000001,5.432855954804343
CHEMBL3677794,active,Cc1cc(C#N)c2nc(-c3c(F)c(F)c(-c4ccccc4)c(F)c3F)[nH]c2c1,5.4859000000000036,1.0,2.0,3.0,50.19,5.782516055786093
CHEMBL3677814,inactive,O=C(O)c1cccc2[nH]c(-c3c(F)c(F)c(-c4cc(F)cc(F)c4)c(F)c3F)nc12,3.935220000000003,2.0,4.0,4.0,104.97,7.698970004336019
CHEMBL3677818,inactive,O=C(O)c1cccc2[nH]c(-c3c(F)c(F)c(-c4ccc(F)cc4)c(F)c3F)nc12,4.622500000000002,3.0,3.0,5.0,100.86999999999999,6.092588639225414
CHEMBL2431520,active,Cc1ccc(NC2=C(C(=O)O)C(=O)CS2)cc1C,5.853620000000004,1.0,2.0,3.0,50.19,4.301029995663981
CHEMBL2431497,inactive,CCOC(=O)C1=C(Nc2ccc(C)c(C)c2)OCC1=O,3.5352200000000016,1.0,4.0,4.0,46.92,4.301029995663981
CHEMBL4282152,active,COC(=O)/C(C#N)=C1\SCCC(=O)N1c1ccccc1F,6.4409200000000055,3.0,4.0,7.0,104.31,5.0
CHEMBL2263646,inactive,O=C(O)c1cc(C2CC2)cnc1Nc1c(F)cc(-c2cccc(OC(F)(F)F)c2)cc1F,3.954200000000001,3.0,3.0,4.0,100.87,8.398048595866479
CHEMBL3674663,active,O=C(O)c1cc(C2CC2)ccc1Nc1ccc(-c2ccccc2Cl)nc1,6.190800000000004,1.0,5.0,8.0,65.79,8.397940008672037
CHEMBL3674666,inactive,O=C(O)c1cc(C2CC2)ccc1Nc1cnc(-c2ccccc2Cl)nc1,5.163080000000005,2.0,3.0,5.0,76.36,8.522878745280337
CHEMBL2177857,inactive,Cc1cc(O)n2nc(SCc3c(Cl)cccc3Cl)nc2n1,4.009920000000001,1.0,3.0,2.0,38.39,4.7447274948966935
CHEMBL2177856,inactive,Cc1cc(O)n2nc(SCc3ccc(Cl)c(Cl)c3)nc2n1,4.8715000000000055,1.0,4.0,8.0,41.63,5.187086643357144
CHEMBL2177853,active,Cc1cc(O)n2nc(SCc3ccc(Br)cc3)nc2n1,5.177920000000004,1.0,5.0,5.0,51.22,4.494850021680094
CHEMBL2178514,inactive,Cc1ccc(CSc2nc3nc(C)cc(O)n3n2)cc1,3.5416000000000025,1.0,4.0,4.0,46.92,4.337242168318426
CHEMBL3674641,active,CCOc1cccc(-c2cc(C)c(Nc3ccc(C)cc3C(=O)O)cn2)c1,4.852400000000003,2.0,4.0,5.0,71.45,7.107905397309519
CHEMBL3674671,inactive,O=C(O)c1cc(C2CC2)ccc1Nc1cnc(-c2ccccc2C(F)(F)F)nc1,7.176100000000005,1.0,6.0,7.0,60.45,8.045757490560675
CHEMBL3677792,active,O=C(O)c1cccc2nc(-c3c(F)c(F)c(-c4cccc(OCc5ccccc5)c4)c(F)c3F)[nH]c12,4.084500000000001,2.0,5.0,4.0,75.86,7.585026652029182
CHEMBL3593990,inactive,NC(=O)c1cccc2[nH]c(-c3ccc(-c4cncc(CN5CCCC5)c4)cc3)nc12,4.196880000000003,1.0,5.0,5.0,67.05000000000001,4.259637310505756
CHEMBL3593983,active,Cc1cc(C(N)=O)c2nc(-c3ccc(-c4ccc(C(=O)N5CCCC5)nc4)cc3)[nH]c2c1,6.4409200000000055,3.0,4.0,7.0,104.31,4.431798275933005
CHEMBL2263642,inactive,COc1cccc(-c2cc(F)c(Nc3ncccc3C(=O)O)c(F)c2)c1F,3.2268000000000017,1.0,4.0,4.0,46.92,7.275970027064402
CHEMBL38434,active,Cc1c(-c2ccc(-c3ccccc3F)cc2)nc2ccc(F)cc2c1C(=O)O,0.766899999999999,1.0,6.0,6.0,83.51,8.130768280269024
CHEMBL600689,active,CCOC(=O)c1[nH]c(C)c(Cc2ccc(OCC)cc2)c1C,5.999400000000002,2.0,3.0,5.0,62.22,4.522878745280337
CHEMBL4226167,active,O=C(O)c1cc(-c2ccc(-c3cccnc3)cc2)nc2ccccc12,4.7554000000000025,2.0,4.0,5.0,71.45,6.407823242604133
CHEMBL4225816,inactive,Cc1ccc(-c2ccc(-c3cc(C(=O)O)c4ccccc4n3)cc2)c(Cl)n1,4.696920000000002,1.0,5.0,4.0,55.11,6.628932137728263
CHEMBL3917382,inactive,COCOc1ccc2cc(CCc3c(C(=O)O)[nH]c(=O)[nH]c3=O)ccc2c1.NCCO,5.711120000000002,1.0,5.0,4.0,55.11,6.557520230935552
CHEMBL2172233,inactive,Cc1nc(Nc2ccc3ccccc3c2)c2nc[nH]c2n1,3.7071200000000024,1.0,5.0,3.0,55.11,4.0
CHEMBL2177493,inactive,Cc1ccccc1C(=O)Nc1cc(Cl)c(O)c(Cl)c1,5.3961200000000025,1.0,5.0,4.0,55.11,4.793713955587568
CHEMBL2177115,active,COC(=O)c1ccc(Nc2nc(-c3ccc(Cl)cc3)c(C)s2)cc1,6.148240000000003,1.0,3.0,4.0,59.42,5.896196279044043
CHEMBL2178105,active,O=C(Nc1nc2ccccc2s1)c1cccc(C(Cl)(Cl)Cl)c1,4.970420000000004,1.0,3.0,3.0,63.08,6.468521082957745
CHEMBL486490,inactive,Cc1cc(N(C)c2ccc3ccccc3c2)n2ncnc2n1,3.7818000000000014,2.0,2.0,3.0,49.33,3.6989700043360187
CHEMBL4165815,inactive,Cc1cc(Oc2ccccc2)c(C)cc1NC(=O)c1c(O)nn2ccccc12,3.1370000000000013,2.0,3.0,4.0,58.56,7.366531544420414
CHEMBL38434,inactive,Cc1c(-c2ccc(-c3ccccc3F)cc2)nc2ccc(F)cc2c1C(=O)O,3.485220000000001,2.0,3.0,3.0,62.22,7.400007822415902
CHEMBL3694251,active,Cc1ccccc1/C=C/c1cc(O)c2ccccc2n1,0.6458000000000004,5.0,6.0,6.0,158.5,4.522878745280337
CHEMBL492529,active,Cc1cc(Nc2ccc(C(F)(F)F)cc2)n2ncnc2n1,0.6458000000000004,5.0,6.0,6.0,158.5,4.0
CHEMBL3933268,active,COC(=O)c1cccc2cc(CCc3c(C(=O)O)[nH]c(=O)[nH]c3=O)ccc12.NCCO,-0.003199999999998593,6.0,6.0,6.0,178.36999999999998,7.3535962737769305
CHEMBL4177202,active,Cc1ccn2nc(O)c(C(=O)Nc3c(F)c(F)c(-c4ccccc4)c(F)c3F)c2c1,1.7904000000000002,5.0,5.0,5.0,149.26999999999998,7.455931955649724
CHEMBL4167855,active,Cc1cc(NC(=O)c2c(O)nn3ccccc23)ccc1Oc1ccccc1,-0.8438999999999974,6.0,7.0,6.0,187.59999999999997,6.318758762624412
CHEMBL3218528,inactive,O=C(NCC(c1ccccc1)c1ccccc1)c1ccc(CO)cc1O,2.66502,1.0,5.0,2.0,55.11,3.6989700043360187
CHEMBL4278286,active,CCCOC(=O)/C(C#N)=C1\SCC(=O)N1c1ccccc1F,2.99948,2.0,3.0,2.0,73.11999999999999,5.0
CHEMBL4288967,active,CCCCOC(=O)/C(C#N)=C1\SCC(=O)N1c1ccccc1F,4.390820000000003,0.0,6.0,6.0,62.06,5.0
CHEMBL4278764,active,COC(=O)/C(C#N)=C1\SCC(=O)N1c1cccc2ccccc12,4.8084200000000035,1.0,5.0,4.0,51.22,5.0
CHEMBL3410583,inactive,CCOC(=O)c1sc(Nc2ccc(Cl)c(C(F)(F)F)c2)nc1N,4.940600000000005,1.0,2.0,4.0,33.120000000000005,5.0
CHEMBL3409286,active,Cc1c(Cc2ccccc2F)c(OC(C)C)nn1-c1ncc(C2CC2)cn1,0.6458000000000004,5.0,6.0,6.0,158.5,7.899974269892137
